fetch_ts_utc,fetch_ts_ist,symbol,expiry_date,strike,option_type,underlying_value,bid_price,bid_qty,ask_price,ask_qty,ltp,mid_price,open_interest,change_in_oi,total_traded_volume,pchange_vs_prev_close,nse_iv,delta,gamma,theta,vega,vanna,charm,vomma,speed,zomma,color,veta,omega,dual_delta,dual_gamma,time_to_expiry_years,futures_price,implied_cost_of_carry,dividend_yield_used,dividend_yield_source,risk_free_rate_used,india_vix,lot_size,underlying_day_open,underlying_day_high,underlying_day_low,underlying_prev_close,price_source_for_iv,data_quality_flag
2026-08-31T10:06:19.213371+00:00,2026-08-31T15:36:19.213371+05:30,NIFTYNXT50,29-Sep-2026,61000.0,CE,73759.7,,0,14099.35,550,0.0,,0,0,0,0,0,,,,,,,,,,,,,,,0.07944003001740868,,,,,,11.05,25,73886.75,73886.75,73085.5,74159.15,none,no_price_available
2026-08-31T10:06:19.213371+00:00,2026-08-31T15:36:19.213371+05:30,NIFTYNXT50,29-Sep-2026,61000.0,PE,0,,0,,0,0.0,,0,0,0,0,0,,,,,,,,,,,,,,,0.07944003001740868,,,,,,11.05,25,73886.75,73886.75,73085.5,74159.15,none,no_price_available
2026-08-31T10:06:19.213371+00:00,2026-08-31T15:36:19.213371+05:30,NIFTYNXT50,29-Sep-2026,61500.0,CE,73759.7,,0,13593.25,550,0.0,,0,0,0,0,0,,,,,,,,,,,,,,,0.07944003001740868,,,,,,11.05,25,73886.75,73886.75,73085.5,74159.15,none,no_price_available
2026-08-31T10:06:19.213371+00:00,2026-08-31T15:36:19.213371+05:30,NIFTYNXT50,29-Sep-2026,61500.0,PE,0,,0,,0,0.0,,0,0,0,0,0,,,,,,,,,,,,,,,0.07944003001740868,,,,,,11.05,25,73886.75,73886.75,73085.5,74159.15,none,no_price_available
2026-08-31T10:06:19.213371+00:00,2026-08-31T15:36:19.213371+05:30,NIFTYNXT50,29-Sep-2026,62000.0,CE,73759.7,,0,13059.85,550,0.0,,0,0,0,0,0,,,,,,,,,,,,,,,0.07944003001740868,,,,,,11.05,25,73886.75,73886.75,73085.5,74159.15,none,no_price_available
2026-08-31T10:06:19.213371+00:00,2026-08-31T15:36:19.213371+05:30,NIFTYNXT50,29-Sep-2026,62000.0,PE,0,,0,,0,0.0,,0,0,0,0,0,,,,,,,,,,,,,,,0.07944003001740868,,,,,,11.05,25,73886.75,73886.75,73085.5,74159.15,none,no_price_available
2026-08-31T10:06:19.213371+00:00,2026-08-31T15:36:19.213371+05:30,NIFTYNXT50,29-Sep-2026,62500.0,CE,73759.7,,0,12526.45,550,0.0,,0,0,0,0,0,,,,,,,,,,,,,,,0.07944003001740868,,,,,,11.05,25,73886.75,73886.75,73085.5,74159.15,none,no_price_available
2026-08-31T10:06:19.213371+00:00,2026-08-31T15:36:19.213371+05:30,NIFTYNXT50,29-Sep-2026,62500.0,PE,0,,0,,0,0.0,,0,0,0,0,0,,,,,,,,,,,,,,,0.07944003001740868,,,,,,11.05,25,73886.75,73886.75,73085.5,74159.15,none,no_price_available
2026-08-31T10:06:19.213371+00:00,2026-08-31T15:36:19.213371+05:30,NIFTYNXT50,29-Sep-2026,63000.0,CE,73759.7,,0,12009.05,550,0.0,,0,0,0,0,0,,,,,,,,,,,,,,,0.07944003001740868,,,,,,11.05,25,73886.75,73886.75,73085.5,74159.15,none,no_price_available
2026-08-31T10:06:19.213371+00:00,2026-08-31T15:36:19.213371+05:30,NIFTYNXT50,29-Sep-2026,63000.0,PE,0,,0,,0,0.0,,0,0,0,0,0,,,,,,,,,,,,,,,0.07944003001740868,,,,,,11.05,25,73886.75,73886.75,73085.5,74159.15,none,no_price_available
2026-08-31T10:06:19.213371+00:00,2026-08-31T15:36:19.213371+05:30,NIFTYNXT50,29-Sep-2026,63500.0,CE,73759.7,,0,11475.65,550,0.0,,0,0,0,0,0,,,,,,,,,,,,,,,0.07944003001740868,,,,,,11.05,25,73886.75,73886.75,73085.5,74159.15,none,no_price_available
2026-08-31T10:06:19.213371+00:00,2026-08-31T15:36:19.213371+05:30,NIFTYNXT50,29-Sep-2026,63500.0,PE,0,,0,,0,0.0,,0,0,0,0,0,,,,,,,,,,,,,,,0.07944003001740868,,,,,,11.05,25,73886.75,73886.75,73085.5,74159.15,none,no_price_available
2026-08-31T10:06:19.213371+00:00,2026-08-31T15:36:19.213371+05:30,NIFTYNXT50,29-Sep-2026,64000.0,CE,73759.7,,0,10942.25,550,0.0,,0,0,0,0,0,,,,,,,,,,,,,,,0.07944003001740868,,,,,,11.05,25,73886.75,73886.75,73085.5,74159.15,none,no_price_available
2026-08-31T10:06:19.213371+00:00,2026-08-31T15:36:19.213371+05:30,NIFTYNXT50,29-Sep-2026,64000.0,PE,73759.7,,0,36.8,25,0.0,,0,0,0,0,0,,,,,,,,,,,,,,,0.07944003001740868,,,,,,11.05,25,73886.75,73886.75,73085.5,74159.15,none,no_price_available
2026-08-31T10:06:19.213371+00:00,2026-08-31T15:36:19.213371+05:30,NIFTYNXT50,29-Sep-2026,64100.0,CE,73759.7,,0,10792.25,550,0.0,,0,0,0,0,0,,,,,,,,,,,,,,,0.07944003001740868,,,,,,11.05,25,73886.75,73886.75,73085.5,74159.15,none,no_price_available
2026-08-31T10:06:19.213371+00:00,2026-08-31T15:36:19.213371+05:30,NIFTYNXT50,29-Sep-2026,64100.0,PE,0,,0,,0,0.0,,0,0,0,0,0,,,,,,,,,,,,,,,0.07944003001740868,,,,,,11.05,25,73886.75,73886.75,73085.5,74159.15,none,no_price_available
2026-08-31T10:06:19.213371+00:00,2026-08-31T15:36:19.213371+05:30,NIFTYNXT50,29-Sep-2026,64200.0,CE,73759.7,,0,10758.8,550,0.0,,0,0,0,0,0,,,,,,,,,,,,,,,0.07944003001740868,,,,,,11.05,25,73886.75,73886.75,73085.5,74159.15,none,no_price_available
2026-08-31T10:06:19.213371+00:00,2026-08-31T15:36:19.213371+05:30,NIFTYNXT50,29-Sep-2026,64200.0,PE,0,,0,,0,0.0,,0,0,0,0,0,,,,,,,,,,,,,,,0.07944003001740868,,,,,,11.05,25,73886.75,73886.75,73085.5,74159.15,none,no_price_available
2026-08-31T10:06:19.213371+00:00,2026-08-31T15:36:19.213371+05:30,NIFTYNXT50,29-Sep-2026,64300.0,CE,73759.7,,0,10578.9,550,0.0,,0,0,0,0,0,,,,,,,,,,,,,,,0.07944003001740868,,,,,,11.05,25,73886.75,73886.75,73085.5,74159.15,none,no_price_available
2026-08-31T10:06:19.213371+00:00,2026-08-31T15:36:19.213371+05:30,NIFTYNXT50,29-Sep-2026,64300.0,PE,0,,0,,0,0.0,,0,0,0,0,0,,,,,,,,,,,,,,,0.07944003001740868,,,,,,11.05,25,73886.75,73886.75,73085.5,74159.15,none,no_price_available
2026-08-31T10:06:19.213371+00:00,2026-08-31T15:36:19.213371+05:30,NIFTYNXT50,29-Sep-2026,64400.0,CE,73759.7,,0,10472.25,550,0.0,,0,0,0,0,0,,,,,,,,,,,,,,,0.07944003001740868,,,,,,11.05,25,73886.75,73886.75,73085.5,74159.15,none,no_price_available
2026-08-31T10:06:19.213371+00:00,2026-08-31T15:36:19.213371+05:30,NIFTYNXT50,29-Sep-2026,64400.0,PE,0,,0,,0,0.0,,0,0,0,0,0,,,,,,,,,,,,,,,0.07944003001740868,,,,,,11.05,25,73886.75,73886.75,73085.5,74159.15,none,no_price_available
2026-08-31T10:06:19.213371+00:00,2026-08-31T15:36:19.213371+05:30,NIFTYNXT50,29-Sep-2026,64500.0,CE,73759.7,,0,10365.55,550,0.0,,0,0,0,0,0,,,,,,,,,,,,,,,0.07944003001740868,,,,,,11.05,25,73886.75,73886.75,73085.5,74159.15,none,no_price_available
2026-08-31T10:06:19.213371+00:00,2026-08-31T15:36:19.213371+05:30,NIFTYNXT50,29-Sep-2026,64500.0,PE,0,,0,,0,0.0,,0,0,0,0,0,,,,,,,,,,,,,,,0.07944003001740868,,,,,,11.05,25,73886.75,73886.75,73085.5,74159.15,none,no_price_available
2026-08-31T10:06:19.213371+00:00,2026-08-31T15:36:19.213371+05:30,NIFTYNXT50,29-Sep-2026,64600.0,CE,73759.7,,0,10332.05,550,0.0,,0,0,0,0,0,,,,,,,,,,,,,,,0.07944003001740868,,,,,,11.05,25,73886.75,73886.75,73085.5,74159.15,none,no_price_available
2026-08-31T10:06:19.213371+00:00,2026-08-31T15:36:19.213371+05:30,NIFTYNXT50,29-Sep-2026,64600.0,PE,0,,0,,0,0.0,,0,0,0,0,0,,,,,,,,,,,,,,,0.07944003001740868,,,,,,11.05,25,73886.75,73886.75,73085.5,74159.15,none,no_price_available
2026-08-31T10:06:19.213371+00:00,2026-08-31T15:36:19.213371+05:30,NIFTYNXT50,29-Sep-2026,64700.0,CE,73759.7,,0,10225.4,550,0.0,,0,0,0,0,0,,,,,,,,,,,,,,,0.07944003001740868,,,,,,11.05,25,73886.75,73886.75,73085.5,74159.15,none,no_price_available
2026-08-31T10:06:19.213371+00:00,2026-08-31T15:36:19.213371+05:30,NIFTYNXT50,29-Sep-2026,64700.0,PE,0,,0,,0,0.0,,0,0,0,0,0,,,,,,,,,,,,,,,0.07944003001740868,,,,,,11.05,25,73886.75,73886.75,73085.5,74159.15,none,no_price_available
2026-08-31T10:06:19.213371+00:00,2026-08-31T15:36:19.213371+05:30,NIFTYNXT50,29-Sep-2026,64800.0,CE,73759.7,,0,10045.5,550,0.0,,0,0,0,0,0,,,,,,,,,,,,,,,0.07944003001740868,,,,,,11.05,25,73886.75,73886.75,73085.5,74159.15,none,no_price_available
2026-08-31T10:06:19.213371+00:00,2026-08-31T15:36:19.213371+05:30,NIFTYNXT50,29-Sep-2026,64800.0,PE,0,,0,,0,0.0,,0,0,0,0,0,,,,,,,,,,,,,,,0.07944003001740868,,,,,,11.05,25,73886.75,73886.75,73085.5,74159.15,none,no_price_available
2026-08-31T10:06:19.213371+00:00,2026-08-31T15:36:19.213371+05:30,NIFTYNXT50,29-Sep-2026,64900.0,CE,73759.7,,0,10012,550,0.0,,0,0,0,0,0,,,,,,,,,,,,,,,0.07944003001740868,,,,,,11.05,25,73886.75,73886.75,73085.5,74159.15,none,no_price_available
2026-08-31T10:06:19.213371+00:00,2026-08-31T15:36:19.213371+05:30,NIFTYNXT50,29-Sep-2026,64900.0,PE,0,,0,,0,0.0,,0,0,0,0,0,,,,,,,,,,,,,,,0.07944003001740868,,,,,,11.05,25,73886.75,73886.75,73085.5,74159.15,none,no_price_available
2026-08-31T10:06:19.213371+00:00,2026-08-31T15:36:19.213371+05:30,NIFTYNXT50,29-Sep-2026,65000.0,CE,73759.7,,0,9905.35,550,0.0,,0,0,0,0,0,,,,,,,,,,,,,,,0.07944003001740868,,,,,,11.05,25,73886.75,73886.75,73085.5,74159.15,none,no_price_available
2026-08-31T10:06:19.213371+00:00,2026-08-31T15:36:19.213371+05:30,NIFTYNXT50,29-Sep-2026,65000.0,PE,0,,0,,0,0.0,,0,0,0,0,0,,,,,,,,,,,,,,,0.07944003001740868,,,,,,11.05,25,73886.75,73886.75,73085.5,74159.15,none,no_price_available
2026-08-31T10:06:19.213371+00:00,2026-08-31T15:36:19.213371+05:30,NIFTYNXT50,29-Sep-2026,65100.0,CE,73759.7,,0,9725.45,550,0.0,,0,0,0,0,0,,,,,,,,,,,,,,,0.07944003001740868,,,,,,11.05,25,73886.75,73886.75,73085.5,74159.15,none,no_price_available
2026-08-31T10:06:19.213371+00:00,2026-08-31T15:36:19.213371+05:30,NIFTYNXT50,29-Sep-2026,65100.0,PE,0,,0,,0,0.0,,0,0,0,0,0,,,,,,,,,,,,,,,0.07944003001740868,,,,,,11.05,25,73886.75,73886.75,73085.5,74159.15,none,no_price_available
2026-08-31T10:06:19.213371+00:00,2026-08-31T15:36:19.213371+05:30,NIFTYNXT50,29-Sep-2026,65200.0,CE,73759.7,,0,9692,550,0.0,,0,0,0,0,0,,,,,,,,,,,,,,,0.07944003001740868,,,,,,11.05,25,73886.75,73886.75,73085.5,74159.15,none,no_price_available
2026-08-31T10:06:19.213371+00:00,2026-08-31T15:36:19.213371+05:30,NIFTYNXT50,29-Sep-2026,65200.0,PE,0,,0,,0,0.0,,0,0,0,0,0,,,,,,,,,,,,,,,0.07944003001740868,,,,,,11.05,25,73886.75,73886.75,73085.5,74159.15,none,no_price_available
2026-08-31T10:06:19.213371+00:00,2026-08-31T15:36:19.213371+05:30,NIFTYNXT50,29-Sep-2026,65300.0,CE,73759.7,,0,9539.4,550,0.0,,0,0,0,0,0,,,,,,,,,,,,,,,0.07944003001740868,,,,,,11.05,25,73886.75,73886.75,73085.5,74159.15,none,no_price_available
2026-08-31T10:06:19.213371+00:00,2026-08-31T15:36:19.213371+05:30,NIFTYNXT50,29-Sep-2026,65300.0,PE,0,,0,,0,0.0,,0,0,0,0,0,,,,,,,,,,,,,,,0.07944003001740868,,,,,,11.05,25,73886.75,73886.75,73085.5,74159.15,none,no_price_available
2026-08-31T10:06:19.213371+00:00,2026-08-31T15:36:19.213371+05:30,NIFTYNXT50,29-Sep-2026,65400.0,CE,73759.7,,0,9432.75,550,0.0,,0,0,0,0,0,,,,,,,,,,,,,,,0.07944003001740868,,,,,,11.05,25,73886.75,73886.75,73085.5,74159.15,none,no_price_available
2026-08-31T10:06:19.213371+00:00,2026-08-31T15:36:19.213371+05:30,NIFTYNXT50,29-Sep-2026,65400.0,PE,0,,0,,0,0.0,,0,0,0,0,0,,,,,,,,,,,,,,,0.07944003001740868,,,,,,11.05,25,73886.75,73886.75,73085.5,74159.15,none,no_price_available
2026-08-31T10:06:19.213371+00:00,2026-08-31T15:36:19.213371+05:30,NIFTYNXT50,29-Sep-2026,65500.0,CE,73759.7,,0,9326.05,550,0.0,,0,0,0,0,0,,,,,,,,,,,,,,,0.07944003001740868,,,,,,11.05,25,73886.75,73886.75,73085.5,74159.15,none,no_price_available
2026-08-31T10:06:19.213371+00:00,2026-08-31T15:36:19.213371+05:30,NIFTYNXT50,29-Sep-2026,65500.0,PE,0,,0,,0,0.0,,0,0,0,0,0,,,,,,,,,,,,,,,0.07944003001740868,,,,,,11.05,25,73886.75,73886.75,73085.5,74159.15,none,no_price_available
2026-08-31T10:06:19.213371+00:00,2026-08-31T15:36:19.213371+05:30,NIFTYNXT50,29-Sep-2026,65600.0,CE,73759.7,,0,9219.4,550,0.0,,0,0,0,0,0,,,,,,,,,,,,,,,0.07944003001740868,,,,,,11.05,25,73886.75,73886.75,73085.5,74159.15,none,no_price_available
2026-08-31T10:06:19.213371+00:00,2026-08-31T15:36:19.213371+05:30,NIFTYNXT50,29-Sep-2026,65600.0,PE,0,,0,,0,0.0,,0,0,0,0,0,,,,,,,,,,,,,,,0.07944003001740868,,,,,,11.05,25,73886.75,73886.75,73085.5,74159.15,none,no_price_available
2026-08-31T10:06:19.213371+00:00,2026-08-31T15:36:19.213371+05:30,NIFTYNXT50,29-Sep-2026,65700.0,CE,73759.7,,0,9112.7,550,0.0,,0,0,0,0,0,,,,,,,,,,,,,,,0.07944003001740868,,,,,,11.05,25,73886.75,73886.75,73085.5,74159.15,none,no_price_available
2026-08-31T10:06:19.213371+00:00,2026-08-31T15:36:19.213371+05:30,NIFTYNXT50,29-Sep-2026,65700.0,PE,0,,0,,0,0.0,,0,0,0,0,0,,,,,,,,,,,,,,,0.07944003001740868,,,,,,11.05,25,73886.75,73886.75,73085.5,74159.15,none,no_price_available
2026-08-31T10:06:19.213371+00:00,2026-08-31T15:36:19.213371+05:30,NIFTYNXT50,29-Sep-2026,65800.0,CE,73759.7,,0,9006,550,0.0,,0,0,0,0,0,,,,,,,,,,,,,,,0.07944003001740868,,,,,,11.05,25,73886.75,73886.75,73085.5,74159.15,none,no_price_available
2026-08-31T10:06:19.213371+00:00,2026-08-31T15:36:19.213371+05:30,NIFTYNXT50,29-Sep-2026,65800.0,PE,0,,0,,0,0.0,,0,0,0,0,0,,,,,,,,,,,,,,,0.07944003001740868,,,,,,11.05,25,73886.75,73886.75,73085.5,74159.15,none,no_price_available
2026-08-31T10:06:19.213371+00:00,2026-08-31T15:36:19.213371+05:30,NIFTYNXT50,29-Sep-2026,65900.0,CE,73759.7,,0,8899.35,550,0.0,,0,0,0,0,0,,,,,,,,,,,,,,,0.07944003001740868,,,,,,11.05,25,73886.75,73886.75,73085.5,74159.15,none,no_price_available
2026-08-31T10:06:19.213371+00:00,2026-08-31T15:36:19.213371+05:30,NIFTYNXT50,29-Sep-2026,65900.0,PE,0,,0,,0,0.0,,0,0,0,0,0,,,,,,,,,,,,,,,0.07944003001740868,,,,,,11.05,25,73886.75,73886.75,73085.5,74159.15,none,no_price_available
2026-08-31T10:06:19.213371+00:00,2026-08-31T15:36:19.213371+05:30,NIFTYNXT50,29-Sep-2026,66000.0,CE,73759.7,,0,8792.65,550,0.0,,0,0,0,0,0,,,,,,,,,,,,,,,0.07944003001740868,,,,,,11.05,25,73886.75,73886.75,73085.5,74159.15,none,no_price_available
2026-08-31T10:06:19.213371+00:00,2026-08-31T15:36:19.213371+05:30,NIFTYNXT50,29-Sep-2026,66000.0,PE,0,,0,,0,0.0,,0,0,0,0,0,,,,,,,,,,,,,,,0.07944003001740868,,,,,,11.05,25,73886.75,73886.75,73085.5,74159.15,none,no_price_available
2026-08-31T10:06:19.213371+00:00,2026-08-31T15:36:19.213371+05:30,NIFTYNXT50,29-Sep-2026,66100.0,CE,73759.7,,0,8686,550,0.0,,0,0,0,0,0,,,,,,,,,,,,,,,0.07944003001740868,,,,,,11.05,25,73886.75,73886.75,73085.5,74159.15,none,no_price_available
2026-08-31T10:06:19.213371+00:00,2026-08-31T15:36:19.213371+05:30,NIFTYNXT50,29-Sep-2026,66100.0,PE,0,,0,,0,0.0,,0,0,0,0,0,,,,,,,,,,,,,,,0.07944003001740868,,,,,,11.05,25,73886.75,73886.75,73085.5,74159.15,none,no_price_available
2026-08-31T10:06:19.213371+00:00,2026-08-31T15:36:19.213371+05:30,NIFTYNXT50,29-Sep-2026,66200.0,CE,73759.7,,0,8579.3,550,0.0,,0,0,0,0,0,,,,,,,,,,,,,,,0.07944003001740868,,,,,,11.05,25,73886.75,73886.75,73085.5,74159.15,none,no_price_available
2026-08-31T10:06:19.213371+00:00,2026-08-31T15:36:19.213371+05:30,NIFTYNXT50,29-Sep-2026,66200.0,PE,0,,0,,0,0.0,,0,0,0,0,0,,,,,,,,,,,,,,,0.07944003001740868,,,,,,11.05,25,73886.75,73886.75,73085.5,74159.15,none,no_price_available
2026-08-31T10:06:19.213371+00:00,2026-08-31T15:36:19.213371+05:30,NIFTYNXT50,29-Sep-2026,66300.0,CE,73759.7,,0,8472.6,550,0.0,,0,0,0,0,0,,,,,,,,,,,,,,,0.07944003001740868,,,,,,11.05,25,73886.75,73886.75,73085.5,74159.15,none,no_price_available
2026-08-31T10:06:19.213371+00:00,2026-08-31T15:36:19.213371+05:30,NIFTYNXT50,29-Sep-2026,66300.0,PE,0,,0,,0,0.0,,0,0,0,0,0,,,,,,,,,,,,,,,0.07944003001740868,,,,,,11.05,25,73886.75,73886.75,73085.5,74159.15,none,no_price_available
2026-08-31T10:06:19.213371+00:00,2026-08-31T15:36:19.213371+05:30,NIFTYNXT50,29-Sep-2026,66400.0,CE,73759.7,,0,8365.95,550,0.0,,0,0,0,0,0,,,,,,,,,,,,,,,0.07944003001740868,,,,,,11.05,25,73886.75,73886.75,73085.5,74159.15,none,no_price_available
2026-08-31T10:06:19.213371+00:00,2026-08-31T15:36:19.213371+05:30,NIFTYNXT50,29-Sep-2026,66400.0,PE,0,,0,,0,0.0,,0,0,0,0,0,,,,,,,,,,,,,,,0.07944003001740868,,,,,,11.05,25,73886.75,73886.75,73085.5,74159.15,none,no_price_available
2026-08-31T10:06:19.213371+00:00,2026-08-31T15:36:19.213371+05:30,NIFTYNXT50,29-Sep-2026,66500.0,CE,73759.7,,0,8259.25,550,0.0,,0,0,0,0,0,,,,,,,,,,,,,,,0.07944003001740868,,,,,,11.05,25,73886.75,73886.75,73085.5,74159.15,none,no_price_available
2026-08-31T10:06:19.213371+00:00,2026-08-31T15:36:19.213371+05:30,NIFTYNXT50,29-Sep-2026,66500.0,PE,0,,0,,0,0.0,,0,0,0,0,0,,,,,,,,,,,,,,,0.07944003001740868,,,,,,11.05,25,73886.75,73886.75,73085.5,74159.15,none,no_price_available
2026-08-31T10:06:19.213371+00:00,2026-08-31T15:36:19.213371+05:30,NIFTYNXT50,29-Sep-2026,66600.0,CE,73759.7,,0,8168.6,550,0.0,,0,0,0,0,0,,,,,,,,,,,,,,,0.07944003001740868,,,,,,11.05,25,73886.75,73886.75,73085.5,74159.15,none,no_price_available
2026-08-31T10:06:19.213371+00:00,2026-08-31T15:36:19.213371+05:30,NIFTYNXT50,29-Sep-2026,66600.0,PE,0,,0,,0,0.0,,0,0,0,0,0,,,,,,,,,,,,,,,0.07944003001740868,,,,,,11.05,25,73886.75,73886.75,73085.5,74159.15,none,no_price_available
2026-08-31T10:06:19.213371+00:00,2026-08-31T15:36:19.213371+05:30,NIFTYNXT50,29-Sep-2026,66700.0,CE,73759.7,,0,8018.6,550,0.0,,0,0,0,0,0,,,,,,,,,,,,,,,0.07944003001740868,,,,,,11.05,25,73886.75,73886.75,73085.5,74159.15,none,no_price_available
2026-08-31T10:06:19.213371+00:00,2026-08-31T15:36:19.213371+05:30,NIFTYNXT50,29-Sep-2026,66700.0,PE,0,,0,,0,0.0,,0,0,0,0,0,,,,,,,,,,,,,,,0.07944003001740868,,,,,,11.05,25,73886.75,73886.75,73085.5,74159.15,none,no_price_available
2026-08-31T10:06:19.213371+00:00,2026-08-31T15:36:19.213371+05:30,NIFTYNXT50,29-Sep-2026,66800.0,CE,73759.7,,0,7911.9,550,0.0,,0,0,0,0,0,,,,,,,,,,,,,,,0.07944003001740868,,,,,,11.05,25,73886.75,73886.75,73085.5,74159.15,none,no_price_available
2026-08-31T10:06:19.213371+00:00,2026-08-31T15:36:19.213371+05:30,NIFTYNXT50,29-Sep-2026,66800.0,PE,0,,0,,0,0.0,,0,0,0,0,0,,,,,,,,,,,,,,,0.07944003001740868,,,,,,11.05,25,73886.75,73886.75,73085.5,74159.15,none,no_price_available
2026-08-31T10:06:19.213371+00:00,2026-08-31T15:36:19.213371+05:30,NIFTYNXT50,29-Sep-2026,66900.0,CE,73759.7,,0,7848.55,550,0.0,,0,0,0,0,0,,,,,,,,,,,,,,,0.07944003001740868,,,,,,11.05,25,73886.75,73886.75,73085.5,74159.15,none,no_price_available
2026-08-31T10:06:19.213371+00:00,2026-08-31T15:36:19.213371+05:30,NIFTYNXT50,29-Sep-2026,66900.0,PE,0,,0,,0,0.0,,0,0,0,0,0,,,,,,,,,,,,,,,0.07944003001740868,,,,,,11.05,25,73886.75,73886.75,73085.5,74159.15,none,no_price_available
2026-08-31T10:06:19.213371+00:00,2026-08-31T15:36:19.213371+05:30,NIFTYNXT50,29-Sep-2026,67000.0,CE,73759.7,,0,7741.85,550,0.0,,0,0,0,0,0,,,,,,,,,,,,,,,0.07944003001740868,,,,,,11.05,25,73886.75,73886.75,73085.5,74159.15,none,no_price_available
2026-08-31T10:06:19.213371+00:00,2026-08-31T15:36:19.213371+05:30,NIFTYNXT50,29-Sep-2026,67000.0,PE,0,,0,,0,0.0,,0,0,0,0,0,,,,,,,,,,,,,,,0.07944003001740868,,,,,,11.05,25,73886.75,73886.75,73085.5,74159.15,none,no_price_available
2026-08-31T10:06:19.213371+00:00,2026-08-31T15:36:19.213371+05:30,NIFTYNXT50,29-Sep-2026,67100.0,CE,73759.7,,0,7635.2,550,0.0,,0,0,0,0,0,,,,,,,,,,,,,,,0.07944003001740868,,,,,,11.05,25,73886.75,73886.75,73085.5,74159.15,none,no_price_available
2026-08-31T10:06:19.213371+00:00,2026-08-31T15:36:19.213371+05:30,NIFTYNXT50,29-Sep-2026,67100.0,PE,0,,0,,0,0.0,,0,0,0,0,0,,,,,,,,,,,,,,,0.07944003001740868,,,,,,11.05,25,73886.75,73886.75,73085.5,74159.15,none,no_price_available
2026-08-31T10:06:19.213371+00:00,2026-08-31T15:36:19.213371+05:30,NIFTYNXT50,29-Sep-2026,67200.0,CE,73759.7,,0,7528.5,550,0.0,,0,0,0,0,0,,,,,,,,,,,,,,,0.07944003001740868,,,,,,11.05,25,73886.75,73886.75,73085.5,74159.15,none,no_price_available
2026-08-31T10:06:19.213371+00:00,2026-08-31T15:36:19.213371+05:30,NIFTYNXT50,29-Sep-2026,67200.0,PE,0,,0,,0,0.0,,0,0,0,0,0,,,,,,,,,,,,,,,0.07944003001740868,,,,,,11.05,25,73886.75,73886.75,73085.5,74159.15,none,no_price_available
2026-08-31T10:06:19.213371+00:00,2026-08-31T15:36:19.213371+05:30,NIFTYNXT50,29-Sep-2026,67300.0,CE,73759.7,,0,7378.5,550,0.0,,0,0,0,0,0,,,,,,,,,,,,,,,0.07944003001740868,,,,,,11.05,25,73886.75,73886.75,73085.5,74159.15,none,no_price_available
2026-08-31T10:06:19.213371+00:00,2026-08-31T15:36:19.213371+05:30,NIFTYNXT50,29-Sep-2026,67300.0,PE,0,,0,,0,0.0,,0,0,0,0,0,,,,,,,,,,,,,,,0.07944003001740868,,,,,,11.05,25,73886.75,73886.75,73085.5,74159.15,none,no_price_available
2026-08-31T10:06:19.213371+00:00,2026-08-31T15:36:19.213371+05:30,NIFTYNXT50,29-Sep-2026,67400.0,CE,73759.7,,0,7315.15,550,0.0,,0,0,0,0,0,,,,,,,,,,,,,,,0.07944003001740868,,,,,,11.05,25,73886.75,73886.75,73085.5,74159.15,none,no_price_available
2026-08-31T10:06:19.213371+00:00,2026-08-31T15:36:19.213371+05:30,NIFTYNXT50,29-Sep-2026,67400.0,PE,0,,0,,0,0.0,,0,0,0,0,0,,,,,,,,,,,,,,,0.07944003001740868,,,,,,11.05,25,73886.75,73886.75,73085.5,74159.15,none,no_price_available
2026-08-31T10:06:19.213371+00:00,2026-08-31T15:36:19.213371+05:30,NIFTYNXT50,29-Sep-2026,67500.0,CE,73759.7,,0,7165.05,550,0.0,,0,0,0,0,0,,,,,,,,,,,,,,,0.07944003001740868,,,,,,11.05,25,73886.75,73886.75,73085.5,74159.15,none,no_price_available
2026-08-31T10:06:19.213371+00:00,2026-08-31T15:36:19.213371+05:30,NIFTYNXT50,29-Sep-2026,67500.0,PE,0,,0,,0,0.0,,0,0,0,0,0,,,,,,,,,,,,,,,0.07944003001740868,,,,,,11.05,25,73886.75,73886.75,73085.5,74159.15,none,no_price_available
2026-08-31T10:06:19.213371+00:00,2026-08-31T15:36:19.213371+05:30,NIFTYNXT50,29-Sep-2026,67600.0,CE,73759.7,,0,7100.5,550,0.0,,0,0,0,0,0,,,,,,,,,,,,,,,0.07944003001740868,,,,,,11.05,25,73886.75,73886.75,73085.5,74159.15,none,no_price_available
2026-08-31T10:06:19.213371+00:00,2026-08-31T15:36:19.213371+05:30,NIFTYNXT50,29-Sep-2026,67600.0,PE,0,,0,,0,0.0,,0,0,0,0,0,,,,,,,,,,,,,,,0.07944003001740868,,,,,,11.05,25,73886.75,73886.75,73085.5,74159.15,none,no_price_available
2026-08-31T10:06:19.213371+00:00,2026-08-31T15:36:19.213371+05:30,NIFTYNXT50,29-Sep-2026,67700.0,CE,73759.7,3467.05,25,6994.7,550,0.0,5230.875,0,0,0,0,0,,,,,,,,,,,,,,,0.07944003001740868,,,,,,11.05,25,73886.75,73886.75,73085.5,74159.15,mid_price,no_price_available
2026-08-31T10:06:19.213371+00:00,2026-08-31T15:36:19.213371+05:30,NIFTYNXT50,29-Sep-2026,67700.0,PE,0,,0,,0,0.0,,0,0,0,0,0,,,,,,,,,,,,,,,0.07944003001740868,,,,,,11.05,25,73886.75,73886.75,73085.5,74159.15,none,no_price_available
2026-08-31T10:06:19.213371+00:00,2026-08-31T15:36:19.213371+05:30,NIFTYNXT50,29-Sep-2026,67800.0,CE,73759.7,3385.1,25,6888,550,0.0,5136.55,0,0,0,0,0,,,,,,,,,,,,,,,0.07944003001740868,,,,,,11.05,25,73886.75,73886.75,73085.5,74159.15,mid_price,no_price_available
2026-08-31T10:06:19.213371+00:00,2026-08-31T15:36:19.213371+05:30,NIFTYNXT50,29-Sep-2026,67800.0,PE,0,,0,,0,0.0,,0,0,0,0,0,,,,,,,,,,,,,,,0.07944003001740868,,,,,,11.05,25,73886.75,73886.75,73085.5,74159.15,none,no_price_available
2026-08-31T10:06:19.213371+00:00,2026-08-31T15:36:19.213371+05:30,NIFTYNXT50,29-Sep-2026,67900.0,CE,73759.7,3303.7,50,6781.25,550,0.0,5042.475,0,0,0,0,0,,,,,,,,,,,,,,,0.07944003001740868,,,,,,11.05,25,73886.75,73886.75,73085.5,74159.15,mid_price,no_price_available
2026-08-31T10:06:19.213371+00:00,2026-08-31T15:36:19.213371+05:30,NIFTYNXT50,29-Sep-2026,67900.0,PE,0,,0,,0,0.0,,0,0,0,0,0,,,,,,,,,,,,,,,0.07944003001740868,,,,,,11.05,25,73886.75,73886.75,73085.5,74159.15,none,no_price_available
2026-08-31T10:06:19.213371+00:00,2026-08-31T15:36:19.213371+05:30,NIFTYNXT50,29-Sep-2026,68000.0,CE,73759.7,3223.15,50,6755,550,0.0,4989.075,0,0,0,0,0,,,,,,,,,,,,,,,0.07944003001740868,,,,,,11.05,25,73886.75,73886.75,73085.5,74159.15,mid_price,no_price_available
2026-08-31T10:06:19.213371+00:00,2026-08-31T15:36:19.213371+05:30,NIFTYNXT50,29-Sep-2026,68000.0,PE,0,,0,,0,0.0,,0,0,0,0,0,,,,,,,,,,,,,,,0.07944003001740868,,,,,,11.05,25,73886.75,73886.75,73085.5,74159.15,none,no_price_available
2026-08-31T10:06:19.213371+00:00,2026-08-31T15:36:19.213371+05:30,NIFTYNXT50,29-Sep-2026,68100.0,CE,73759.7,3143.25,50,6568,550,0.0,4855.625,0,0,0,0,0,,,,,,,,,,,,,,,0.07944003001740868,,,,,,11.05,25,73886.75,73886.75,73085.5,74159.15,mid_price,no_price_available
2026-08-31T10:06:19.213371+00:00,2026-08-31T15:36:19.213371+05:30,NIFTYNXT50,29-Sep-2026,68100.0,PE,0,,0,,0,0.0,,0,0,0,0,0,,,,,,,,,,,,,,,0.07944003001740868,,,,,,11.05,25,73886.75,73886.75,73085.5,74159.15,none,no_price_available
2026-08-31T10:06:19.213371+00:00,2026-08-31T15:36:19.213371+05:30,NIFTYNXT50,29-Sep-2026,68200.0,CE,73759.7,3064.2,25,6461.2,550,0.0,4762.7,0,0,0,0,0,,,,,,,,,,,,,,,0.07944003001740868,,,,,,11.05,25,73886.75,73886.75,73085.5,74159.15,mid_price,no_price_available
2026-08-31T10:06:19.213371+00:00,2026-08-31T15:36:19.213371+05:30,NIFTYNXT50,29-Sep-2026,68200.0,PE,0,,0,,0,0.0,,0,0,0,0,0,,,,,,,,,,,,,,,0.07944003001740868,,,,,,11.05,25,73886.75,73886.75,73085.5,74159.15,none,no_price_available
2026-08-31T10:06:19.213371+00:00,2026-08-31T15:36:19.213371+05:30,NIFTYNXT50,29-Sep-2026,68300.0,CE,73759.7,2985.75,50,6354.5,550,0.0,4670.125,0,0,0,0,0,,,,,,,,,,,,,,,0.07944003001740868,,,,,,11.05,25,73886.75,73886.75,73085.5,74159.15,mid_price,no_price_available
2026-08-31T10:06:19.213371+00:00,2026-08-31T15:36:19.213371+05:30,NIFTYNXT50,29-Sep-2026,68300.0,PE,0,,0,,0,0.0,,0,0,0,0,0,,,,,,,,,,,,,,,0.07944003001740868,,,,,,11.05,25,73886.75,73886.75,73085.5,74159.15,none,no_price_available
2026-08-31T10:06:19.213371+00:00,2026-08-31T15:36:19.213371+05:30,NIFTYNXT50,29-Sep-2026,68400.0,CE,73759.7,2908.2,50,6328.2,550,0.0,4618.2,0,0,0,0,0,,,,,,,,,,,,,,,0.07944003001740868,,,,,,11.05,25,73886.75,73886.75,73085.5,74159.15,mid_price,no_price_available
2026-08-31T10:06:19.213371+00:00,2026-08-31T15:36:19.213371+05:30,NIFTYNXT50,29-Sep-2026,68400.0,PE,0,,0,,0,0.0,,0,0,0,0,0,,,,,,,,,,,,,,,0.07944003001740868,,,,,,11.05,25,73886.75,73886.75,73085.5,74159.15,none,no_price_available
2026-08-31T10:06:19.213371+00:00,2026-08-31T15:36:19.213371+05:30,NIFTYNXT50,29-Sep-2026,68500.0,CE,73759.7,2831.45,50,6141.25,550,0.0,4486.35,0,0,0,0,0,,,,,,,,,,,,,,,0.07944003001740868,,,,,,11.05,25,73886.75,73886.75,73085.5,74159.15,mid_price,no_price_available
2026-08-31T10:06:19.213371+00:00,2026-08-31T15:36:19.213371+05:30,NIFTYNXT50,29-Sep-2026,68500.0,PE,0,,0,,0,0.0,,0,0,0,0,0,,,,,,,,,,,,,,,0.07944003001740868,,,,,,11.05,25,73886.75,73886.75,73085.5,74159.15,none,no_price_available
2026-08-31T10:06:19.213371+00:00,2026-08-31T15:36:19.213371+05:30,NIFTYNXT50,29-Sep-2026,68600.0,CE,73759.7,2755.55,25,6034.5,550,0.0,4395.025,0,0,0,0,0,,,,,,,,,,,,,,,0.07944003001740868,,,,,,11.05,25,73886.75,73886.75,73085.5,74159.15,mid_price,no_price_available
2026-08-31T10:06:19.213371+00:00,2026-08-31T15:36:19.213371+05:30,NIFTYNXT50,29-Sep-2026,68600.0,PE,0,,0,,0,0.0,,0,0,0,0,0,,,,,,,,,,,,,,,0.07944003001740868,,,,,,11.05,25,73886.75,73886.75,73085.5,74159.15,none,no_price_available
2026-08-31T10:06:19.213371+00:00,2026-08-31T15:36:19.213371+05:30,NIFTYNXT50,29-Sep-2026,68700.0,CE,73759.7,2680.3,50,5927.8,550,0.0,4304.05,0,0,0,0,0,,,,,,,,,,,,,,,0.07944003001740868,,,,,,11.05,25,73886.75,73886.75,73085.5,74159.15,mid_price,no_price_available
2026-08-31T10:06:19.213371+00:00,2026-08-31T15:36:19.213371+05:30,NIFTYNXT50,29-Sep-2026,68700.0,PE,0,,0,,0,0.0,,0,0,0,0,0,,,,,,,,,,,,,,,0.07944003001740868,,,,,,11.05,25,73886.75,73886.75,73085.5,74159.15,none,no_price_available
2026-08-31T10:06:19.213371+00:00,2026-08-31T15:36:19.213371+05:30,NIFTYNXT50,29-Sep-2026,68800.0,CE,73759.7,2606,50,5885.05,550,0.0,4245.525,0,0,0,0,0,,,,,,,,,,,,,,,0.07944003001740868,,,,,,11.05,25,73886.75,73886.75,73085.5,74159.15,mid_price,no_price_available
2026-08-31T10:06:19.213371+00:00,2026-08-31T15:36:19.213371+05:30,NIFTYNXT50,29-Sep-2026,68800.0,PE,0,,0,,0,0.0,,0,0,0,0,0,,,,,,,,,,,,,,,0.07944003001740868,,,,,,11.05,25,73886.75,73886.75,73085.5,74159.15,none,no_price_available
2026-08-31T10:06:19.213371+00:00,2026-08-31T15:36:19.213371+05:30,NIFTYNXT50,29-Sep-2026,68900.0,CE,73759.7,2532.7,25,5714.85,550,0.0,4123.775,0,0,0,0,0,,,,,,,,,,,,,,,0.07944003001740868,,,,,,11.05,25,73886.75,73886.75,73085.5,74159.15,mid_price,no_price_available
2026-08-31T10:06:19.213371+00:00,2026-08-31T15:36:19.213371+05:30,NIFTYNXT50,29-Sep-2026,68900.0,PE,0,,0,,0,0.0,,0,0,0,0,0,,,,,,,,,,,,,,,0.07944003001740868,,,,,,11.05,25,73886.75,73886.75,73085.5,74159.15,none,no_price_available
2026-08-31T10:06:19.213371+00:00,2026-08-31T15:36:19.213371+05:30,NIFTYNXT50,29-Sep-2026,69000.0,CE,73759.7,2460.1,25,5608.05,550,0.0,4034.075,0,0,0,0,0,,,,,,,,,,,,,,,0.07944003001740868,,,,,,11.05,25,73886.75,73886.75,73085.5,74159.15,mid_price,no_price_available
2026-08-31T10:06:19.213371+00:00,2026-08-31T15:36:19.213371+05:30,NIFTYNXT50,29-Sep-2026,69000.0,PE,73759.7,0.05,50,459,75,0.0,229.525,0,0,0,0,0,,,,,,,,,,,,,,,0.07944003001740868,73549.2,-0.03597609367068776,0.0097,index_dividend_yield,0.065,11.05,25,73886.75,73886.75,73085.5,74159.15,mid_price,no_nse_iv
2026-08-31T10:06:19.213371+00:00,2026-08-31T15:36:19.213371+05:30,NIFTYNXT50,29-Sep-2026,69100.0,CE,73759.7,2388.5,25,5501.4,550,0.0,3944.95,0,0,0,0,0,,,,,,,,,,,,,,,0.07944003001740868,,,,,,11.05,25,73886.75,73886.75,73085.5,74159.15,mid_price,no_price_available
2026-08-31T10:06:19.213371+00:00,2026-08-31T15:36:19.213371+05:30,NIFTYNXT50,29-Sep-2026,69100.0,PE,0,,0,,0,0.0,,0,0,0,0,0,,,,,,,,,,,,,,,0.07944003001740868,,,,,,11.05,25,73886.75,73886.75,73085.5,74159.15,none,no_price_available
2026-08-31T10:06:19.213371+00:00,2026-08-31T15:36:19.213371+05:30,NIFTYNXT50,29-Sep-2026,69200.0,CE,73759.7,2317.7,25,5458.35,550,0.0,3888.025,0,0,0,0,0,,,,,,,,,,,,,,,0.07944003001740868,,,,,,11.05,25,73886.75,73886.75,73085.5,74159.15,mid_price,no_price_available
2026-08-31T10:06:19.213371+00:00,2026-08-31T15:36:19.213371+05:30,NIFTYNXT50,29-Sep-2026,69200.0,PE,0,,0,,0,0.0,,0,0,0,0,0,,,,,,,,,,,,,,,0.07944003001740868,,,,,,11.05,25,73886.75,73886.75,73085.5,74159.15,none,no_price_available
2026-08-31T10:06:19.213371+00:00,2026-08-31T15:36:19.213371+05:30,NIFTYNXT50,29-Sep-2026,69300.0,CE,73759.7,2248,25,5368.25,550,0.0,3808.125,0,0,0,0,0,,,,,,,,,,,,,,,0.07944003001740868,,,,,,11.05,25,73886.75,73886.75,73085.5,74159.15,mid_price,no_price_available
2026-08-31T10:06:19.213371+00:00,2026-08-31T15:36:19.213371+05:30,NIFTYNXT50,29-Sep-2026,69300.0,PE,0,,0,,0,0.0,,0,0,0,0,0,,,,,,,,,,,,,,,0.07944003001740868,,,,,,11.05,25,73886.75,73886.75,73085.5,74159.15,none,no_price_available
2026-08-31T10:06:19.213371+00:00,2026-08-31T15:36:19.213371+05:30,NIFTYNXT50,29-Sep-2026,69400.0,CE,73759.7,2179.05,25,5245.35,550,0.0,3712.2000000000003,0,0,0,0,0,,,,,,,,,,,,,,,0.07944003001740868,,,,,,11.05,25,73886.75,73886.75,73085.5,74159.15,mid_price,no_price_available
2026-08-31T10:06:19.213371+00:00,2026-08-31T15:36:19.213371+05:30,NIFTYNXT50,29-Sep-2026,69400.0,PE,0,,0,,0,0.0,,0,0,0,0,0,,,,,,,,,,,,,,,0.07944003001740868,,,,,,11.05,25,73886.75,73886.75,73085.5,74159.15,none,no_price_available
2026-08-31T10:06:19.213371+00:00,2026-08-31T15:36:19.213371+05:30,NIFTYNXT50,29-Sep-2026,69500.0,CE,73759.7,2111.1,25,5154.85,550,0.0,3632.9750000000004,0,0,0,0,0,,,,,,,,,,,,,,,0.07944003001740868,,,,,,11.05,25,73886.75,73886.75,73085.5,74159.15,mid_price,no_price_available
2026-08-31T10:06:19.213371+00:00,2026-08-31T15:36:19.213371+05:30,NIFTYNXT50,29-Sep-2026,69500.0,PE,0,,0,,0,0.0,,0,0,0,0,0,,,,,,,,,,,,,,,0.07944003001740868,,,,,,11.05,25,73886.75,73886.75,73085.5,74159.15,none,no_price_available
2026-08-31T10:06:19.213371+00:00,2026-08-31T15:36:19.213371+05:30,NIFTYNXT50,29-Sep-2026,69600.0,CE,73759.7,2044.2,25,5031.9,550,0.0,3538.0499999999997,0,0,0,0,0,,,,,,,,,,,,,,,0.07944003001740868,,,,,,11.05,25,73886.75,73886.75,73085.5,74159.15,mid_price,no_price_available
2026-08-31T10:06:19.213371+00:00,2026-08-31T15:36:19.213371+05:30,NIFTYNXT50,29-Sep-2026,69600.0,PE,0,,0,,0,0.0,,0,0,0,0,0,,,,,,,,,,,,,,,0.07944003001740868,,,,,,11.05,25,73886.75,73886.75,73085.5,74159.15,none,no_price_available
2026-08-31T10:06:19.213371+00:00,2026-08-31T15:36:19.213371+05:30,NIFTYNXT50,29-Sep-2026,69700.0,CE,73759.7,1978.15,50,4941.9,550,0.0,3460.0249999999996,0,0,0,0,0,,,,,,,,,,,,,,,0.07944003001740868,,,,,,11.05,25,73886.75,73886.75,73085.5,74159.15,mid_price,no_price_available
2026-08-31T10:06:19.213371+00:00,2026-08-31T15:36:19.213371+05:30,NIFTYNXT50,29-Sep-2026,69700.0,PE,0,,0,,0,0.0,,0,0,0,0,0,,,,,,,,,,,,,,,0.07944003001740868,,,,,,11.05,25,73886.75,73886.75,73085.5,74159.15,none,no_price_available
2026-08-31T10:06:19.213371+00:00,2026-08-31T15:36:19.213371+05:30,NIFTYNXT50,29-Sep-2026,69800.0,CE,73759.7,1913.15,25,4836.9,550,0.0,3375.0249999999996,0,0,0,0,0,,,,,,,,,,,,,,,0.07944003001740868,,,,,,11.05,25,73886.75,73886.75,73085.5,74159.15,mid_price,no_price_available
2026-08-31T10:06:19.213371+00:00,2026-08-31T15:36:19.213371+05:30,NIFTYNXT50,29-Sep-2026,69800.0,PE,0,,0,,0,0.0,,0,0,0,0,0,,,,,,,,,,,,,,,0.07944003001740868,,,,,,11.05,25,73886.75,73886.75,73085.5,74159.15,none,no_price_available
2026-08-31T10:06:19.213371+00:00,2026-08-31T15:36:19.213371+05:30,NIFTYNXT50,29-Sep-2026,69900.0,CE,73759.7,1849.1,50,4731.9,550,0.0,3290.5,0,0,0,0,0,,,,,,,,,,,,,,,0.07944003001740868,,,,,,11.05,25,73886.75,73886.75,73085.5,74159.15,mid_price,no_price_available
2026-08-31T10:06:19.213371+00:00,2026-08-31T15:36:19.213371+05:30,NIFTYNXT50,29-Sep-2026,69900.0,PE,0,,0,,0,0.0,,0,0,0,0,0,,,,,,,,,,,,,,,0.07944003001740868,,,,,,11.05,25,73886.75,73886.75,73085.5,74159.15,none,no_price_available
2026-08-31T10:06:19.213371+00:00,2026-08-31T15:36:19.213371+05:30,NIFTYNXT50,29-Sep-2026,70000.0,CE,73759.7,1786.1,50,4611.2,550,0.0,3198.6499999999996,0,0,0,0,0,,,,,,,,,,,,,,,0.07944003001740868,,,,,,11.05,25,73886.75,73886.75,73085.5,74159.15,mid_price,no_price_available
2026-08-31T10:06:19.213371+00:00,2026-08-31T15:36:19.213371+05:30,NIFTYNXT50,29-Sep-2026,70000.0,PE,0,,0,,0,0.0,,0,0,0,0,0,,,,,,,,,,,,,,,0.07944003001740868,,,,,,11.05,25,73886.75,73886.75,73085.5,74159.15,none,no_price_available
2026-08-31T10:06:19.213371+00:00,2026-08-31T15:36:19.213371+05:30,NIFTYNXT50,29-Sep-2026,70100.0,CE,73759.7,1724.1,50,4521.9,550,0.0,3123.0,0,0,0,0,0,,,,,,,,,,,,,,,0.07944003001740868,,,,,,11.05,25,73886.75,73886.75,73085.5,74159.15,mid_price,no_price_available
2026-08-31T10:06:19.213371+00:00,2026-08-31T15:36:19.213371+05:30,NIFTYNXT50,29-Sep-2026,70100.0,PE,0,,0,,0,0.0,,0,0,0,0,0,,,,,,,,,,,,,,,0.07944003001740868,,,,,,11.05,25,73886.75,73886.75,73085.5,74159.15,none,no_price_available
2026-08-31T10:06:19.213371+00:00,2026-08-31T15:36:19.213371+05:30,NIFTYNXT50,29-Sep-2026,70200.0,CE,73759.7,1663.2,25,4416.9,550,0.0,3040.0499999999997,0,0,0,0,0,,,,,,,,,,,,,,,0.07944003001740868,,,,,,11.05,25,73886.75,73886.75,73085.5,74159.15,mid_price,no_price_available
2026-08-31T10:06:19.213371+00:00,2026-08-31T15:36:19.213371+05:30,NIFTYNXT50,29-Sep-2026,70200.0,PE,0,,0,,0,0.0,,0,0,0,0,0,,,,,,,,,,,,,,,0.07944003001740868,,,,,,11.05,25,73886.75,73886.75,73085.5,74159.15,none,no_price_available
2026-08-31T10:06:19.213371+00:00,2026-08-31T15:36:19.213371+05:30,NIFTYNXT50,29-Sep-2026,70300.0,CE,73759.7,1603.15,50,4311.9,550,0.0,2957.5249999999996,0,0,0,0,0,,,,,,,,,,,,,,,0.07944003001740868,,,,,,11.05,25,73886.75,73886.75,73085.5,74159.15,mid_price,no_price_available
2026-08-31T10:06:19.213371+00:00,2026-08-31T15:36:19.213371+05:30,NIFTYNXT50,29-Sep-2026,70300.0,PE,0,,0,,0,0.0,,0,0,0,0,0,,,,,,,,,,,,,,,0.07944003001740868,,,,,,11.05,25,73886.75,73886.75,73085.5,74159.15,none,no_price_available
2026-08-31T10:06:19.213371+00:00,2026-08-31T15:36:19.213371+05:30,NIFTYNXT50,29-Sep-2026,70400.0,CE,73759.7,1544.2,50,4407.25,550,0.0,2975.725,0,0,0,0,0,,,,,,,,,,,,,,,0.07944003001740868,,,,,,11.05,25,73886.75,73886.75,73085.5,74159.15,mid_price,no_price_available
2026-08-31T10:06:19.213371+00:00,2026-08-31T15:36:19.213371+05:30,NIFTYNXT50,29-Sep-2026,70400.0,PE,0,,0,,0,0.0,,0,0,0,0,0,,,,,,,,,,,,,,,0.07944003001740868,,,,,,11.05,25,73886.75,73886.75,73085.5,74159.15,none,no_price_available
2026-08-31T10:06:19.213371+00:00,2026-08-31T15:36:19.213371+05:30,NIFTYNXT50,29-Sep-2026,70500.0,CE,73759.7,1486.45,25,4155.05,550,0.0,2820.75,0,0,0,0,0,,,,,,,,,,,,,,,0.07944003001740868,,,,,,11.05,25,73886.75,73886.75,73085.5,74159.15,mid_price,no_price_available
2026-08-31T10:06:19.213371+00:00,2026-08-31T15:36:19.213371+05:30,NIFTYNXT50,29-Sep-2026,70500.0,PE,0,,0,,0,0.0,,0,0,0,0,0,,,,,,,,,,,,,,,0.07944003001740868,,,,,,11.05,25,73886.75,73886.75,73085.5,74159.15,none,no_price_available
2026-08-31T10:06:19.213371+00:00,2026-08-31T15:36:19.213371+05:30,NIFTYNXT50,29-Sep-2026,70600.0,CE,73759.7,1429.7,25,4050.05,550,0.0,2739.875,0,0,0,0,0,,,,,,,,,,,,,,,0.07944003001740868,,,,,,11.05,25,73886.75,73886.75,73085.5,74159.15,mid_price,no_price_available
2026-08-31T10:06:19.213371+00:00,2026-08-31T15:36:19.213371+05:30,NIFTYNXT50,29-Sep-2026,70600.0,PE,0,,0,,0,0.0,,0,0,0,0,0,,,,,,,,,,,,,,,0.07944003001740868,,,,,,11.05,25,73886.75,73886.75,73085.5,74159.15,none,no_price_available
2026-08-31T10:06:19.213371+00:00,2026-08-31T15:36:19.213371+05:30,NIFTYNXT50,29-Sep-2026,70700.0,CE,73759.7,1373.85,50,3891.9,550,0.0,2632.875,0,0,0,0,0,,,,,,,,,,,,,,,0.07944003001740868,,,,,,11.05,25,73886.75,73886.75,73085.5,74159.15,mid_price,no_price_available
2026-08-31T10:06:19.213371+00:00,2026-08-31T15:36:19.213371+05:30,NIFTYNXT50,29-Sep-2026,70700.0,PE,0,,0,,0,0.0,,0,0,0,0,0,,,,,,,,,,,,,,,0.07944003001740868,,,,,,11.05,25,73886.75,73886.75,73085.5,74159.15,none,no_price_available
2026-08-31T10:06:19.213371+00:00,2026-08-31T15:36:19.213371+05:30,NIFTYNXT50,29-Sep-2026,70800.0,CE,73759.7,1319.2,50,3987.35,550,0.0,2653.275,0,0,0,0,0,,,,,,,,,,,,,,,0.07944003001740868,,,,,,11.05,25,73886.75,73886.75,73085.5,74159.15,mid_price,no_price_available
2026-08-31T10:06:19.213371+00:00,2026-08-31T15:36:19.213371+05:30,NIFTYNXT50,29-Sep-2026,70800.0,PE,0,,0,,0,0.0,,0,0,0,0,0,,,,,,,,,,,,,,,0.07944003001740868,,,,,,11.05,25,73886.75,73886.75,73085.5,74159.15,none,no_price_available
2026-08-31T10:06:19.213371+00:00,2026-08-31T15:36:19.213371+05:30,NIFTYNXT50,29-Sep-2026,70900.0,CE,73759.7,1265.6,25,3735.35,550,0.0,2500.475,0,0,0,0,0,,,,,,,,,,,,,,,0.07944003001740868,,,,,,11.05,25,73886.75,73886.75,73085.5,74159.15,mid_price,no_price_available
2026-08-31T10:06:19.213371+00:00,2026-08-31T15:36:19.213371+05:30,NIFTYNXT50,29-Sep-2026,70900.0,PE,0,,0,,0,0.0,,0,0,0,0,0,,,,,,,,,,,,,,,0.07944003001740868,,,,,,11.05,25,73886.75,73886.75,73085.5,74159.15,none,no_price_available
2026-08-31T10:06:19.213371+00:00,2026-08-31T15:36:19.213371+05:30,NIFTYNXT50,29-Sep-2026,71000.0,CE,73759.7,1213.05,25,3630.35,550,0.0,2421.7,0,0,0,0,0,,,,,,,,,,,,,,,0.07944003001740868,,,,,,11.05,25,73886.75,73886.75,73085.5,74159.15,mid_price,no_price_available
2026-08-31T10:06:19.213371+00:00,2026-08-31T15:36:19.213371+05:30,NIFTYNXT50,29-Sep-2026,71000.0,PE,73759.7,27.35,50,624,25,0.0,325.675,0,0,0,0,0,,,,,,,,,,,,,,,0.07944003001740868,73549.2,-0.03597609367068776,0.0097,index_dividend_yield,0.065,11.05,25,73886.75,73886.75,73085.5,74159.15,mid_price,no_nse_iv
2026-08-31T10:06:19.213371+00:00,2026-08-31T15:36:19.213371+05:30,NIFTYNXT50,29-Sep-2026,71100.0,CE,73759.7,1161.65,25,3622.6,550,0.0,2392.125,0,0,0,0,0,,,,,,,,,,,,,,,0.07944003001740868,,,,,,11.05,25,73886.75,73886.75,73085.5,74159.15,mid_price,no_price_available
2026-08-31T10:06:19.213371+00:00,2026-08-31T15:36:19.213371+05:30,NIFTYNXT50,29-Sep-2026,71100.0,PE,0,,0,,0,0.0,,0,0,0,0,0,,,,,,,,,,,,,,,0.07944003001740868,,,,,,11.05,25,73886.75,73886.75,73085.5,74159.15,none,no_price_available
2026-08-31T10:06:19.213371+00:00,2026-08-31T15:36:19.213371+05:30,NIFTYNXT50,29-Sep-2026,71200.0,CE,73759.7,1111.3,25,3580.55,550,0.0,2345.925,0,0,0,0,0,,,,,,,,,,,,,,,0.07944003001740868,,,,,,11.05,25,73886.75,73886.75,73085.5,74159.15,mid_price,no_price_available
2026-08-31T10:06:19.213371+00:00,2026-08-31T15:36:19.213371+05:30,NIFTYNXT50,29-Sep-2026,71200.0,PE,0,,0,,0,0.0,,0,0,0,0,0,,,,,,,,,,,,,,,0.07944003001740868,,,,,,11.05,25,73886.75,73886.75,73085.5,74159.15,none,no_price_available
2026-08-31T10:06:19.213371+00:00,2026-08-31T15:36:19.213371+05:30,NIFTYNXT50,29-Sep-2026,71300.0,CE,73759.7,1062,25,3475.95,550,0.0,2268.975,0,0,0,0,0,,,,,,,,,,,,,,,0.07944003001740868,,,,,,11.05,25,73886.75,73886.75,73085.5,74159.15,mid_price,no_price_available
2026-08-31T10:06:19.213371+00:00,2026-08-31T15:36:19.213371+05:30,NIFTYNXT50,29-Sep-2026,71300.0,PE,0,,0,,0,0.0,,0,0,0,0,0,,,,,,,,,,,,,,,0.07944003001740868,,,,,,11.05,25,73886.75,73886.75,73085.5,74159.15,none,no_price_available
2026-08-31T10:06:19.213371+00:00,2026-08-31T15:36:19.213371+05:30,NIFTYNXT50,29-Sep-2026,71400.0,CE,73759.7,1013.85,25,3355.8,550,0.0,2184.8250000000003,0,0,0,0,0,,,,,,,,,,,,,,,0.07944003001740868,,,,,,11.05,25,73886.75,73886.75,73085.5,74159.15,mid_price,no_price_available
2026-08-31T10:06:19.213371+00:00,2026-08-31T15:36:19.213371+05:30,NIFTYNXT50,29-Sep-2026,71400.0,PE,0,,0,,0,0.0,,0,0,0,0,0,,,,,,,,,,,,,,,0.07944003001740868,,,,,,11.05,25,73886.75,73886.75,73085.5,74159.15,none,no_price_available
2026-08-31T10:06:19.213371+00:00,2026-08-31T15:36:19.213371+05:30,NIFTYNXT50,29-Sep-2026,71500.0,CE,73759.7,970.95,25,3246.6,550,0.0,2108.775,0,0,0,0,0,,,,,,,,,,,,,,,0.07944003001740868,,,,,,11.05,25,73886.75,73886.75,73085.5,74159.15,mid_price,no_price_available
2026-08-31T10:06:19.213371+00:00,2026-08-31T15:36:19.213371+05:30,NIFTYNXT50,29-Sep-2026,71500.0,PE,0,,0,,0,0.0,,0,0,0,0,0,,,,,,,,,,,,,,,0.07944003001740868,,,,,,11.05,25,73886.75,73886.75,73085.5,74159.15,none,no_price_available
2026-08-31T10:06:19.213371+00:00,2026-08-31T15:36:19.213371+05:30,NIFTYNXT50,29-Sep-2026,71600.0,CE,73759.7,924.55,25,3202.6,550,0.0,2063.575,0,0,0,0,0,,,,,,,,,,,,,,,0.07944003001740868,,,,,,11.05,25,73886.75,73886.75,73085.5,74159.15,mid_price,no_price_available
2026-08-31T10:06:19.213371+00:00,2026-08-31T15:36:19.213371+05:30,NIFTYNXT50,29-Sep-2026,71600.0,PE,0,,0,,0,0.0,,0,0,0,0,0,,,,,,,,,,,,,,,0.07944003001740868,,,,,,11.05,25,73886.75,73886.75,73085.5,74159.15,none,no_price_available
2026-08-31T10:06:19.213371+00:00,2026-08-31T15:36:19.213371+05:30,NIFTYNXT50,29-Sep-2026,71700.0,CE,73759.7,879.25,25,3028.2,550,0.0,1953.725,0,0,0,0,0,,,,,,,,,,,,,,,0.07944003001740868,,,,,,11.05,25,73886.75,73886.75,73085.5,74159.15,mid_price,no_price_available
2026-08-31T10:06:19.213371+00:00,2026-08-31T15:36:19.213371+05:30,NIFTYNXT50,29-Sep-2026,71700.0,PE,0,,0,,0,0.0,,0,0,0,0,0,,,,,,,,,,,,,,,0.07944003001740868,,,,,,11.05,25,73886.75,73886.75,73085.5,74159.15,none,no_price_available
2026-08-31T10:06:19.213371+00:00,2026-08-31T15:36:19.213371+05:30,NIFTYNXT50,29-Sep-2026,71800.0,CE,73759.7,830.95,25,2919,550,0.0,1874.975,0,0,0,0,0,,,,,,,,,,,,,,,0.07944003001740868,,,,,,11.05,25,73886.75,73886.75,73085.5,74159.15,mid_price,no_price_available
2026-08-31T10:06:19.213371+00:00,2026-08-31T15:36:19.213371+05:30,NIFTYNXT50,29-Sep-2026,71800.0,PE,0,,0,,0,0.0,,0,0,0,0,0,,,,,,,,,,,,,,,0.07944003001740868,,,,,,11.05,25,73886.75,73886.75,73085.5,74159.15,none,no_price_available
2026-08-31T10:06:19.213371+00:00,2026-08-31T15:36:19.213371+05:30,NIFTYNXT50,29-Sep-2026,71900.0,CE,73759.7,788.3,25,2809.8,550,0.0,1799.0500000000002,0,0,0,0,0,,,,,,,,,,,,,,,0.07944003001740868,,,,,,11.05,25,73886.75,73886.75,73085.5,74159.15,mid_price,no_price_available
2026-08-31T10:06:19.213371+00:00,2026-08-31T15:36:19.213371+05:30,NIFTYNXT50,29-Sep-2026,71900.0,PE,0,,0,,0,0.0,,0,0,0,0,0,,,,,,,,,,,,,,,0.07944003001740868,,,,,,11.05,25,73886.75,73886.75,73085.5,74159.15,none,no_price_available
2026-08-31T10:06:19.213371+00:00,2026-08-31T15:36:19.213371+05:30,NIFTYNXT50,29-Sep-2026,72000.0,CE,73759.7,1055,25,2909.3,550,0.0,1982.15,0,0,0,0,0,,,,,,,,,,,,,,,0.07944003001740868,73549.2,-0.03597609367068776,0.0097,index_dividend_yield,0.065,11.05,25,73886.75,73886.75,73085.5,74159.15,mid_price,no_nse_iv
2026-08-31T10:06:19.213371+00:00,2026-08-31T15:36:19.213371+05:30,NIFTYNXT50,29-Sep-2026,72000.0,PE,73759.7,151.05,25,767.5,25,0.0,459.275,0,0,0,0,0,,,,,,,,,,,,,,,0.07944003001740868,73549.2,-0.03597609367068776,0.0097,index_dividend_yield,0.065,11.05,25,73886.75,73886.75,73085.5,74159.15,mid_price,no_nse_iv
2026-08-31T10:06:19.213371+00:00,2026-08-31T15:36:19.213371+05:30,NIFTYNXT50,29-Sep-2026,72100.0,CE,73759.7,706.25,25,2773.85,550,0.0,1740.05,0,0,0,0,0,,,,,,,,,,,,,,,0.07944003001740868,73549.2,-0.03597609367068776,0.0097,index_dividend_yield,0.065,11.05,25,73886.75,73886.75,73085.5,74159.15,mid_price,no_nse_iv
2026-08-31T10:06:19.213371+00:00,2026-08-31T15:36:19.213371+05:30,NIFTYNXT50,29-Sep-2026,72100.0,PE,0,,0,,0,0.0,,0,0,0,0,0,,,,,,,,,,,,,,,0.07944003001740868,,,,,,11.05,25,73886.75,73886.75,73085.5,74159.15,none,no_price_available
2026-08-31T10:06:19.213371+00:00,2026-08-31T15:36:19.213371+05:30,NIFTYNXT50,29-Sep-2026,72200.0,CE,73759.7,666.9,25,4900.85,50,0.0,2783.875,0,0,0,0,0,,,,,,,,,,,,,,,0.07944003001740868,73549.2,-0.03597609367068776,0.0097,index_dividend_yield,0.065,11.05,25,73886.75,73886.75,73085.5,74159.15,mid_price,no_nse_iv
2026-08-31T10:06:19.213371+00:00,2026-08-31T15:36:19.213371+05:30,NIFTYNXT50,29-Sep-2026,72200.0,PE,0,,0,,0,0.0,,0,0,0,0,0,,,,,,,,,,,,,,,0.07944003001740868,,,,,,11.05,25,73886.75,73886.75,73085.5,74159.15,none,no_price_available
2026-08-31T10:06:19.213371+00:00,2026-08-31T15:36:19.213371+05:30,NIFTYNXT50,29-Sep-2026,72300.0,CE,73759.7,628.55,50,2559.95,550,0.0,1594.25,0,0,0,0,0,,,,,,,,,,,,,,,0.07944003001740868,73549.2,-0.03597609367068776,0.0097,index_dividend_yield,0.065,11.05,25,73886.75,73886.75,73085.5,74159.15,mid_price,no_nse_iv
2026-08-31T10:06:19.213371+00:00,2026-08-31T15:36:19.213371+05:30,NIFTYNXT50,29-Sep-2026,72300.0,PE,0,,0,,0,0.0,,0,0,0,0,0,,,,,,,,,,,,,,,0.07944003001740868,,,,,,11.05,25,73886.75,73886.75,73085.5,74159.15,none,no_price_available
2026-08-31T10:06:19.213371+00:00,2026-08-31T15:36:19.213371+05:30,NIFTYNXT50,29-Sep-2026,72400.0,CE,73759.7,591.15,50,4726.45,50,0.0,2658.7999999999997,0,0,0,0,0,,,,,,,,,,,,,,,0.07944003001740868,73549.2,-0.03597609367068776,0.0097,index_dividend_yield,0.065,11.05,25,73886.75,73886.75,73085.5,74159.15,mid_price,no_nse_iv
2026-08-31T10:06:19.213371+00:00,2026-08-31T15:36:19.213371+05:30,NIFTYNXT50,29-Sep-2026,72400.0,PE,0,,0,,0,0.0,,0,0,0,0,0,,,,,,,,,,,,,,,0.07944003001740868,,,,,,11.05,25,73886.75,73886.75,73085.5,74159.15,none,no_price_available
2026-08-31T10:06:19.213371+00:00,2026-08-31T15:36:19.213371+05:30,NIFTYNXT50,29-Sep-2026,72500.0,CE,73759.7,556.05,50,4639.95,50,0.0,2598.0,0,0,0,0,0,,,,,,,,,,,,,,,0.07944003001740868,73549.2,-0.03597609367068776,0.0097,index_dividend_yield,0.065,11.05,25,73886.75,73886.75,73085.5,74159.15,mid_price,no_nse_iv
2026-08-31T10:06:19.213371+00:00,2026-08-31T15:36:19.213371+05:30,NIFTYNXT50,29-Sep-2026,72500.0,PE,73759.7,631.05,25,743.6,150,705,687.325,7,0,124,-77.25439587030166,15.31,-0.30040213986296094,0.00010925993827727016,-15.618861204625592,72.29592595102967,-1.089021890528119,0.0016463929375112871,118.31602100856742,-1.929762108740772e-08,-0.0005348535697522247,1.615611156429857e-06,-1.4245051867158338,-35.665622189393396,0.31419076189400247,0.00011308974401392103,0.07944003001740868,73549.2,-0.03597609367068776,0.0097,index_dividend_yield,0.065,11.05,25,73886.75,73886.75,73085.5,74159.15,mid_price,wide_quote_low_liquidity
2026-08-31T10:06:19.213371+00:00,2026-08-31T15:36:19.213371+05:30,NIFTYNXT50,29-Sep-2026,72600.0,CE,73759.7,,0,2406.1,550,0.0,,0,0,0,0,0,,,,,,,,,,,,,,,0.07944003001740868,,,,,,11.05,25,73886.75,73886.75,73085.5,74159.15,none,no_price_available
2026-08-31T10:06:19.213371+00:00,2026-08-31T15:36:19.213371+05:30,NIFTYNXT50,29-Sep-2026,72600.0,PE,0,,0,,0,0.0,,0,0,0,0,0,,,,,,,,,,,,,,,0.07944003001740868,,,,,,11.05,25,73886.75,73886.75,73085.5,74159.15,none,no_price_available
2026-08-31T10:06:19.213371+00:00,2026-08-31T15:36:19.213371+05:30,NIFTYNXT50,29-Sep-2026,72700.0,CE,73759.7,485.8,50,2364.5,550,0.0,1425.15,0,0,0,0,0,,,,,,,,,,,,,,,0.07944003001740868,73549.2,-0.03597609367068776,0.0097,index_dividend_yield,0.065,11.05,25,73886.75,73886.75,73085.5,74159.15,mid_price,no_nse_iv
2026-08-31T10:06:19.213371+00:00,2026-08-31T15:36:19.213371+05:30,NIFTYNXT50,29-Sep-2026,72700.0,PE,0,,0,,0,0.0,,0,0,0,0,0,,,,,,,,,,,,,,,0.07944003001740868,,,,,,11.05,25,73886.75,73886.75,73085.5,74159.15,none,no_price_available
2026-08-31T10:06:19.213371+00:00,2026-08-31T15:36:19.213371+05:30,NIFTYNXT50,29-Sep-2026,72800.0,CE,73759.7,452.55,50,2255.3,550,0.0,1353.9250000000002,0,0,0,0,0,,,,,,,,,,,,,,,0.07944003001740868,73549.2,-0.03597609367068776,0.0097,index_dividend_yield,0.065,11.05,25,73886.75,73886.75,73085.5,74159.15,mid_price,no_nse_iv
2026-08-31T10:06:19.213371+00:00,2026-08-31T15:36:19.213371+05:30,NIFTYNXT50,29-Sep-2026,72800.0,PE,0,,0,,0,0.0,,0,0,0,0,0,,,,,,,,,,,,,,,0.07944003001740868,,,,,,11.05,25,73886.75,73886.75,73085.5,74159.15,none,no_price_available
2026-08-31T10:06:19.213371+00:00,2026-08-31T15:36:19.213371+05:30,NIFTYNXT50,29-Sep-2026,72900.0,CE,73759.7,420.6,50,2179.15,550,0.0,1299.875,0,0,0,0,0,,,,,,,,,,,,,,,0.07944003001740868,73549.2,-0.03597609367068776,0.0097,index_dividend_yield,0.065,11.05,25,73886.75,73886.75,73085.5,74159.15,mid_price,no_nse_iv
2026-08-31T10:06:19.213371+00:00,2026-08-31T15:36:19.213371+05:30,NIFTYNXT50,29-Sep-2026,72900.0,PE,0,,0,,0,0.0,,0,0,0,0,0,,,,,,,,,,,,,,,0.07944003001740868,,,,,,11.05,25,73886.75,73886.75,73085.5,74159.15,none,no_price_available
2026-08-31T10:06:19.213371+00:00,2026-08-31T15:36:19.213371+05:30,NIFTYNXT50,29-Sep-2026,73000.0,CE,73759.7,930.05,25,4218.1,50,0.0,2574.0750000000003,0,0,0,0,0,,,,,,,,,,,,,,,0.07944003001740868,73549.2,-0.03597609367068776,0.0097,index_dividend_yield,0.065,11.05,25,73886.75,73886.75,73085.5,74159.15,mid_price,no_nse_iv
2026-08-31T10:06:19.213371+00:00,2026-08-31T15:36:19.213371+05:30,NIFTYNXT50,29-Sep-2026,73000.0,PE,73759.7,400.1,25,999,25,0.0,699.55,0,0,0,0,0,,,,,,,,,,,,,,,0.07944003001740868,73549.2,-0.03597609367068776,0.0097,index_dividend_yield,0.065,11.05,25,73886.75,73886.75,73085.5,74159.15,mid_price,no_nse_iv
2026-08-31T10:06:19.213371+00:00,2026-08-31T15:36:19.213371+05:30,NIFTYNXT50,29-Sep-2026,73100.0,CE,73759.7,359.6,50,2598.85,50,0.0,1479.225,0,0,0,0,0,,,,,,,,,,,,,,,0.07944003001740868,73549.2,-0.03597609367068776,0.0097,index_dividend_yield,0.065,11.05,25,73886.75,73886.75,73085.5,74159.15,mid_price,no_nse_iv
2026-08-31T10:06:19.213371+00:00,2026-08-31T15:36:19.213371+05:30,NIFTYNXT50,29-Sep-2026,73100.0,PE,0,,0,,0,0.0,,0,0,0,0,0,,,,,,,,,,,,,,,0.07944003001740868,,,,,,11.05,25,73886.75,73886.75,73085.5,74159.15,none,no_price_available
2026-08-31T10:06:19.213371+00:00,2026-08-31T15:36:19.213371+05:30,NIFTYNXT50,29-Sep-2026,73200.0,CE,73759.7,330.4,50,2643.45,50,0.0,1486.925,0,0,0,0,0,,,,,,,,,,,,,,,0.07944003001740868,73549.2,-0.03597609367068776,0.0097,index_dividend_yield,0.065,11.05,25,73886.75,73886.75,73085.5,74159.15,mid_price,no_nse_iv
2026-08-31T10:06:19.213371+00:00,2026-08-31T15:36:19.213371+05:30,NIFTYNXT50,29-Sep-2026,73200.0,PE,0,,0,,0,0.0,,0,0,0,0,0,,,,,,,,,,,,,,,0.07944003001740868,,,,,,11.05,25,73886.75,73886.75,73085.5,74159.15,none,no_price_available
2026-08-31T10:06:19.213371+00:00,2026-08-31T15:36:19.213371+05:30,NIFTYNXT50,29-Sep-2026,73300.0,CE,73759.7,302.45,50,2425.05,50,0.0,1363.75,0,0,0,0,0,,,,,,,,,,,,,,,0.07944003001740868,73549.2,-0.03597609367068776,0.0097,index_dividend_yield,0.065,11.05,25,73886.75,73886.75,73085.5,74159.15,mid_price,no_nse_iv
2026-08-31T10:06:19.213371+00:00,2026-08-31T15:36:19.213371+05:30,NIFTYNXT50,29-Sep-2026,73300.0,PE,0,,0,,0,0.0,,0,0,0,0,0,,,,,,,,,,,,,,,0.07944003001740868,,,,,,11.05,25,73886.75,73886.75,73085.5,74159.15,none,no_price_available
2026-08-31T10:06:19.213371+00:00,2026-08-31T15:36:19.213371+05:30,NIFTYNXT50,29-Sep-2026,73400.0,CE,73759.7,275.35,50,,0,0.0,,0,0,0,0,0,,,,,,,,,,,,,,,0.07944003001740868,,,,,,11.05,25,73886.75,73886.75,73085.5,74159.15,none,no_price_available
2026-08-31T10:06:19.213371+00:00,2026-08-31T15:36:19.213371+05:30,NIFTYNXT50,29-Sep-2026,73400.0,PE,0,,0,,0,0.0,,0,0,0,0,0,,,,,,,,,,,,,,,0.07944003001740868,,,,,,11.05,25,73886.75,73886.75,73085.5,74159.15,none,no_price_available
2026-08-31T10:06:19.213371+00:00,2026-08-31T15:36:19.213371+05:30,NIFTYNXT50,29-Sep-2026,73500.0,CE,73759.7,775.1,50,1589.85,25,0.0,1182.475,0,0,0,0,0,,,,,,,,,,,,,,,0.07944003001740868,73549.2,-0.03597609367068776,0.0097,index_dividend_yield,0.065,11.05,25,73886.75,73886.75,73085.5,74159.15,mid_price,no_nse_iv
2026-08-31T10:06:19.213371+00:00,2026-08-31T15:36:19.213371+05:30,NIFTYNXT50,29-Sep-2026,73500.0,PE,0,,0,,0,0.0,,0,0,0,0,0,,,,,,,,,,,,,,,0.07944003001740868,,,,,,11.05,25,73886.75,73886.75,73085.5,74159.15,none,no_price_available
2026-08-31T10:06:19.213371+00:00,2026-08-31T15:36:19.213371+05:30,NIFTYNXT50,29-Sep-2026,73600.0,CE,73759.7,225.3,50,2206.55,50,0.0,1215.9250000000002,0,0,0,0,0,,,,,,,,,,,,,,,0.07944003001740868,73549.2,-0.03597609367068776,0.0097,index_dividend_yield,0.065,11.05,25,73886.75,73886.75,73085.5,74159.15,mid_price,no_nse_iv
2026-08-31T10:06:19.213371+00:00,2026-08-31T15:36:19.213371+05:30,NIFTYNXT50,29-Sep-2026,73600.0,PE,0,,0,,0,0.0,,0,0,0,0,0,,,,,,,,,,,,,,,0.07944003001740868,,,,,,11.05,25,73886.75,73886.75,73085.5,74159.15,none,no_price_available
2026-08-31T10:06:19.213371+00:00,2026-08-31T15:36:19.213371+05:30,NIFTYNXT50,29-Sep-2026,73700.0,CE,73759.7,203.3,50,1998,25,0.0,1100.65,1,0,0,0,13,0.5632490220462756,0.00014561710586397623,-24.407676497500173,81.81509338393798,-0.374418187589598,-0.0007730399346868033,12.479304648742584,-1.0497482113688932e-08,-0.0010979834867874314,2.562104532534247e-06,-1.3824353451740166,32.545063962001876,-0.5463845156180219,0.0001458531129793143,0.07944003001740868,73549.2,-0.03597609367068776,0.0097,index_dividend_yield,0.065,11.05,25,73886.75,73886.75,73085.5,74159.15,mid_price,wide_quote_low_liquidity
2026-08-31T10:06:19.213371+00:00,2026-08-31T15:36:19.213371+05:30,NIFTYNXT50,29-Sep-2026,73700.0,PE,0,,0,,0,0.0,,0,0,0,0,0,,,,,,,,,,,,,,,0.07944003001740868,,,,,,11.05,25,73886.75,73886.75,73085.5,74159.15,none,no_price_available
2026-08-31T10:06:19.213371+00:00,2026-08-31T15:36:19.213371+05:30,NIFTYNXT50,29-Sep-2026,73800.0,CE,73759.7,176.8,50,2111.05,550,0.0,1143.9250000000002,0,0,0,0,0,,,,,,,,,,,,,,,0.07944003001740868,73549.2,-0.03597609367068776,0.0097,index_dividend_yield,0.065,11.05,25,73886.75,73886.75,73085.5,74159.15,mid_price,no_nse_iv
2026-08-31T10:06:19.213371+00:00,2026-08-31T15:36:19.213371+05:30,NIFTYNXT50,29-Sep-2026,73800.0,PE,0,,0,,0,0.0,,0,0,0,0,0,,,,,,,,,,,,,,,0.07944003001740868,,,,,,11.05,25,73886.75,73886.75,73085.5,74159.15,none,no_price_available
2026-08-31T10:06:19.213371+00:00,2026-08-31T15:36:19.213371+05:30,NIFTYNXT50,29-Sep-2026,73900.0,CE,73759.7,154.35,50,2082,50,0.0,1118.175,0,0,0,0,0,,,,,,,,,,,,,,,0.07944003001740868,73549.2,-0.03597609367068776,0.0097,index_dividend_yield,0.065,11.05,25,73886.75,73886.75,73085.5,74159.15,mid_price,no_nse_iv
2026-08-31T10:06:19.213371+00:00,2026-08-31T15:36:19.213371+05:30,NIFTYNXT50,29-Sep-2026,73900.0,PE,0,,0,,0,0.0,,0,0,0,0,0,,,,,,,,,,,,,,,0.07944003001740868,,,,,,11.05,25,73886.75,73886.75,73085.5,74159.15,none,no_price_available
2026-08-31T10:06:19.213371+00:00,2026-08-31T15:36:19.213371+05:30,NIFTYNXT50,29-Sep-2026,74000.0,CE,73759.7,811.25,25,960.35,150,933,885.8,5,5,43,-65.07580011229646,12.42,0.5195708842066032,0.00015419501334192735,-23.34223842357115,82.76936200694561,-0.04833407953652724,-0.0016059895061724117,0.5032579480825916,-5.0089599018234105e-09,-0.0012406484873596043,2.694937990184681e-06,-1.4082668689982822,35.77628136901185,-0.5034080678591715,0.00015319520521888685,0.07944003001740868,73549.2,-0.03597609367068776,0.0097,index_dividend_yield,0.065,11.05,25,73886.75,73886.75,73085.5,74159.15,mid_price,wide_quote_low_liquidity
2026-08-31T10:06:19.213371+00:00,2026-08-31T15:36:19.213371+05:30,NIFTYNXT50,29-Sep-2026,74000.0,PE,73759.7,1006,25,1832.65,25,0.0,1419.325,0,0,0,0,0,,,,,,,,,,,,,,,0.07944003001740868,73549.2,-0.03597609367068776,0.0097,index_dividend_yield,0.065,11.05,25,73886.75,73886.75,73085.5,74159.15,mid_price,no_nse_iv
2026-08-31T10:06:19.213371+00:00,2026-08-31T15:36:19.213371+05:30,NIFTYNXT50,29-Sep-2026,74500.0,CE,73759.7,411.25,25,950,75,0.0,680.625,10,0,0,0,11.88,0.4399205788344552,0.0001595930770018324,-21.561293800567313,81.94230413113382,0.6098358730716458,-0.0030213905608907905,19.057937908570466,7.489485759451424e-09,-0.0013063469055347521,2.572076651312442e-06,-1.505668395035542,40.85249888939171,-0.4248876212963209,0.0001564371106150736,0.07944003001740868,73549.2,-0.03597609367068776,0.0097,index_dividend_yield,0.065,11.05,25,73886.75,73886.75,73085.5,74159.15,mid_price,wide_quote_low_liquidity
2026-08-31T10:06:19.213371+00:00,2026-08-31T15:36:19.213371+05:30,NIFTYNXT50,29-Sep-2026,74500.0,PE,73759.7,1575.35,100,1734.3,100,1600,1654.8249999999998,15,0,1,16.78832116788321,14.85,-0.5444519580817286,0.00012830729339963334,-14.744402782576776,82.34845971635299,0.41231686216758323,-0.0025044308716455355,9.662154714298765,2.9363907315386947e-09,-0.000849005003263447,2.1253880575250353e-06,-1.476228456322758,-27.66240044015123,0.5585282293703864,0.00012577000598872268,0.07944003001740868,73549.2,-0.03597609367068776,0.0097,index_dividend_yield,0.065,11.05,25,73886.75,73886.75,73085.5,74159.15,mid_price,ok
2026-08-31T10:06:19.213371+00:00,2026-08-31T15:36:19.213371+05:30,NIFTYNXT50,29-Sep-2026,75000.0,CE,73759.7,441.1,25,540,25,480,490.55,8,5,13,-28.251121076233183,11.79,0.36176345500180523,0.0001528141219527734,-19.76788863837328,77.86727531486764,1.2270985250985578,-0.004193255553941011,90.05967175098561,1.9740980685241434e-08,-0.001119453990847886,2.0341112523253465e-06,-1.6491509009771335,44.918976773870675,-0.3478603500076118,0.00014780163793191487,0.07944003001740868,73549.2,-0.03597609367068776,0.0097,index_dividend_yield,0.065,11.05,25,73886.75,73886.75,73085.5,74159.15,mid_price,wide_quote_low_liquidity
2026-08-31T10:06:19.213371+00:00,2026-08-31T15:36:19.213371+05:30,NIFTYNXT50,29-Sep-2026,75000.0,PE,0,,0,,0,0.0,,0,0,0,0,0,,,,,,,,,,,,,,,0.07944003001740868,,,,,,11.05,25,73886.75,73886.75,73085.5,74159.15,none,no_price_available
2026-08-31T10:06:19.213371+00:00,2026-08-31T15:36:19.213371+05:30,NIFTYNXT50,29-Sep-2026,75400.0,CE,73759.7,0.1,50,2467.3,50,0.0,1233.7,0,0,0,0,0,,,,,,,,,,,,,,,0.07944003001740868,73549.2,-0.03597609367068776,0.0097,index_dividend_yield,0.065,11.05,25,73886.75,73886.75,73085.5,74159.15,mid_price,no_nse_iv
2026-08-31T10:06:19.213371+00:00,2026-08-31T15:36:19.213371+05:30,NIFTYNXT50,29-Sep-2026,75400.0,PE,0,,0,,0,0.0,,0,0,0,0,0,,,,,,,,,,,,,,,0.07944003001740868,,,,,,11.05,25,73886.75,73886.75,73085.5,74159.15,none,no_price_available
2026-08-31T10:06:19.213371+00:00,2026-08-31T15:36:19.213371+05:30,NIFTYNXT50,29-Sep-2026,75500.0,CE,73759.7,,0,585.65,25,0.0,,0,0,0,0,0,,,,,,,,,,,,,,,0.07944003001740868,,,,,,11.05,25,73886.75,73886.75,73085.5,74159.15,none,no_price_available
2026-08-31T10:06:19.213371+00:00,2026-08-31T15:36:19.213371+05:30,NIFTYNXT50,29-Sep-2026,75500.0,PE,0,,0,,0,0.0,,0,0,0,0,0,,,,,,,,,,,,,,,0.07944003001740868,,,,,,11.05,25,73886.75,73886.75,73085.5,74159.15,none,no_price_available
2026-08-31T10:06:19.213371+00:00,2026-08-31T15:36:19.213371+05:30,NIFTYNXT50,29-Sep-2026,75600.0,CE,73759.7,0.05,50,2345.05,50,0.0,1172.5500000000002,0,0,0,0,0,,,,,,,,,,,,,,,0.07944003001740868,73549.2,-0.03597609367068776,0.0097,index_dividend_yield,0.065,11.05,25,73886.75,73886.75,73085.5,74159.15,mid_price,no_nse_iv
2026-08-31T10:06:19.213371+00:00,2026-08-31T15:36:19.213371+05:30,NIFTYNXT50,29-Sep-2026,75600.0,PE,0,,0,,0,0.0,,0,0,0,0,0,,,,,,,,,,,,,,,0.07944003001740868,,,,,,11.05,25,73886.75,73886.75,73085.5,74159.15,none,no_price_available
2026-08-31T10:06:19.213371+00:00,2026-08-31T15:36:19.213371+05:30,NIFTYNXT50,29-Sep-2026,75700.0,CE,73759.7,0.05,50,2285,50,0.0,1142.525,0,0,0,0,0,,,,,,,,,,,,,,,0.07944003001740868,73549.2,-0.03597609367068776,0.0097,index_dividend_yield,0.065,11.05,25,73886.75,73886.75,73085.5,74159.15,mid_price,no_nse_iv
2026-08-31T10:06:19.213371+00:00,2026-08-31T15:36:19.213371+05:30,NIFTYNXT50,29-Sep-2026,75700.0,PE,0,,0,,0,0.0,,0,0,0,0,0,,,,,,,,,,,,,,,0.07944003001740868,,,,,,11.05,25,73886.75,73886.75,73085.5,74159.15,none,no_price_available
2026-08-31T10:06:19.213371+00:00,2026-08-31T15:36:19.213371+05:30,NIFTYNXT50,29-Sep-2026,75800.0,CE,73759.7,0.15,50,2226.35,50,0.0,1113.25,0,0,0,0,0,,,,,,,,,,,,,,,0.07944003001740868,73549.2,-0.03597609367068776,0.0097,index_dividend_yield,0.065,11.05,25,73886.75,73886.75,73085.5,74159.15,mid_price,no_nse_iv
2026-08-31T10:06:19.213371+00:00,2026-08-31T15:36:19.213371+05:30,NIFTYNXT50,29-Sep-2026,75800.0,PE,0,,0,,0,0.0,,0,0,0,0,0,,,,,,,,,,,,,,,0.07944003001740868,,,,,,11.05,25,73886.75,73886.75,73085.5,74159.15,none,no_price_available
2026-08-31T10:06:19.213371+00:00,2026-08-31T15:36:19.213371+05:30,NIFTYNXT50,29-Sep-2026,75900.0,CE,73759.7,0.1,50,2168.25,50,0.0,1084.175,0,0,0,0,0,,,,,,,,,,,,,,,0.07944003001740868,73549.2,-0.03597609367068776,0.0097,index_dividend_yield,0.065,11.05,25,73886.75,73886.75,73085.5,74159.15,mid_price,no_nse_iv
2026-08-31T10:06:19.213371+00:00,2026-08-31T15:36:19.213371+05:30,NIFTYNXT50,29-Sep-2026,75900.0,PE,0,,0,,0,0.0,,0,0,0,0,0,,,,,,,,,,,,,,,0.07944003001740868,,,,,,11.05,25,73886.75,73886.75,73085.5,74159.15,none,no_price_available
2026-08-31T10:06:19.213371+00:00,2026-08-31T15:36:19.213371+05:30,NIFTYNXT50,29-Sep-2026,76000.0,CE,73759.7,25.15,50,629.9,50,0.0,327.525,0,0,0,0,0,,,,,,,,,,,,,,,0.07944003001740868,73549.2,-0.03597609367068776,0.0097,index_dividend_yield,0.065,11.05,25,73886.75,73886.75,73085.5,74159.15,mid_price,no_nse_iv
2026-08-31T10:06:19.213371+00:00,2026-08-31T15:36:19.213371+05:30,NIFTYNXT50,29-Sep-2026,76000.0,PE,0,,0,,0,0.0,,0,0,0,0,0,,,,,,,,,,,,,,,0.07944003001740868,,,,,,11.05,25,73886.75,73886.75,73085.5,74159.15,none,no_price_available
2026-08-31T10:06:19.213371+00:00,2026-08-31T15:36:19.213371+05:30,NIFTYNXT50,29-Sep-2026,76100.0,CE,73759.7,0.1,50,854.45,550,0.0,427.27500000000003,0,0,0,0,0,,,,,,,,,,,,,,,0.07944003001740868,73549.2,-0.03597609367068776,0.0097,index_dividend_yield,0.065,11.05,25,73886.75,73886.75,73085.5,74159.15,mid_price,no_nse_iv
2026-08-31T10:06:19.213371+00:00,2026-08-31T15:36:19.213371+05:30,NIFTYNXT50,29-Sep-2026,76100.0,PE,0,,0,,0,0.0,,0,0,0,0,0,,,,,,,,,,,,,,,0.07944003001740868,,,,,,11.05,25,73886.75,73886.75,73085.5,74159.15,none,no_price_available
2026-08-31T10:06:19.213371+00:00,2026-08-31T15:36:19.213371+05:30,NIFTYNXT50,29-Sep-2026,76200.0,CE,73759.7,0.15,50,854.45,550,0.0,427.3,0,0,0,0,0,,,,,,,,,,,,,,,0.07944003001740868,73549.2,-0.03597609367068776,0.0097,index_dividend_yield,0.065,11.05,25,73886.75,73886.75,73085.5,74159.15,mid_price,no_nse_iv
2026-08-31T10:06:19.213371+00:00,2026-08-31T15:36:19.213371+05:30,NIFTYNXT50,29-Sep-2026,76200.0,PE,0,,0,,0,0.0,,0,0,0,0,0,,,,,,,,,,,,,,,0.07944003001740868,,,,,,11.05,25,73886.75,73886.75,73085.5,74159.15,none,no_price_available
2026-08-31T10:06:19.213371+00:00,2026-08-31T15:36:19.213371+05:30,NIFTYNXT50,29-Sep-2026,76300.0,CE,73759.7,0.25,50,854.45,550,0.0,427.35,0,0,0,0,0,,,,,,,,,,,,,,,0.07944003001740868,73549.2,-0.03597609367068776,0.0097,index_dividend_yield,0.065,11.05,25,73886.75,73886.75,73085.5,74159.15,mid_price,no_nse_iv
2026-08-31T10:06:19.213371+00:00,2026-08-31T15:36:19.213371+05:30,NIFTYNXT50,29-Sep-2026,76300.0,PE,0,,0,,0,0.0,,0,0,0,0,0,,,,,,,,,,,,,,,0.07944003001740868,,,,,,11.05,25,73886.75,73886.75,73085.5,74159.15,none,no_price_available
2026-08-31T10:06:19.213371+00:00,2026-08-31T15:36:19.213371+05:30,NIFTYNXT50,29-Sep-2026,76400.0,CE,73759.7,0.05,50,854.1,25,0.0,427.075,0,0,0,0,0,,,,,,,,,,,,,,,0.07944003001740868,73549.2,-0.03597609367068776,0.0097,index_dividend_yield,0.065,11.05,25,73886.75,73886.75,73085.5,74159.15,mid_price,no_nse_iv
2026-08-31T10:06:19.213371+00:00,2026-08-31T15:36:19.213371+05:30,NIFTYNXT50,29-Sep-2026,76400.0,PE,0,,0,,0,0.0,,0,0,0,0,0,,,,,,,,,,,,,,,0.07944003001740868,,,,,,11.05,25,73886.75,73886.75,73085.5,74159.15,none,no_price_available
2026-08-31T10:06:19.213371+00:00,2026-08-31T15:36:19.213371+05:30,NIFTYNXT50,29-Sep-2026,76500.0,CE,73759.7,0.15,50,854.1,25,0.0,427.125,0,0,0,0,0,,,,,,,,,,,,,,,0.07944003001740868,73549.2,-0.03597609367068776,0.0097,index_dividend_yield,0.065,11.05,25,73886.75,73886.75,73085.5,74159.15,mid_price,no_nse_iv
2026-08-31T10:06:19.213371+00:00,2026-08-31T15:36:19.213371+05:30,NIFTYNXT50,29-Sep-2026,76500.0,PE,0,,0,,0,0.0,,0,0,0,0,0,,,,,,,,,,,,,,,0.07944003001740868,,,,,,11.05,25,73886.75,73886.75,73085.5,74159.15,none,no_price_available
2026-08-31T10:06:19.213371+00:00,2026-08-31T15:36:19.213371+05:30,NIFTYNXT50,29-Sep-2026,76600.0,CE,73759.7,0.1,50,854.1,25,0.0,427.1,0,0,0,0,0,,,,,,,,,,,,,,,0.07944003001740868,73549.2,-0.03597609367068776,0.0097,index_dividend_yield,0.065,11.05,25,73886.75,73886.75,73085.5,74159.15,mid_price,no_nse_iv
2026-08-31T10:06:19.213371+00:00,2026-08-31T15:36:19.213371+05:30,NIFTYNXT50,29-Sep-2026,76600.0,PE,0,,0,,0,0.0,,0,0,0,0,0,,,,,,,,,,,,,,,0.07944003001740868,,,,,,11.05,25,73886.75,73886.75,73085.5,74159.15,none,no_price_available
2026-08-31T10:06:19.213371+00:00,2026-08-31T15:36:19.213371+05:30,NIFTYNXT50,29-Sep-2026,76700.0,CE,73759.7,0.05,50,854.1,25,0.0,427.075,0,0,0,0,0,,,,,,,,,,,,,,,0.07944003001740868,73549.2,-0.03597609367068776,0.0097,index_dividend_yield,0.065,11.05,25,73886.75,73886.75,73085.5,74159.15,mid_price,no_nse_iv
2026-08-31T10:06:19.213371+00:00,2026-08-31T15:36:19.213371+05:30,NIFTYNXT50,29-Sep-2026,76700.0,PE,0,,0,,0,0.0,,0,0,0,0,0,,,,,,,,,,,,,,,0.07944003001740868,,,,,,11.05,25,73886.75,73886.75,73085.5,74159.15,none,no_price_available
2026-08-31T10:06:19.213371+00:00,2026-08-31T15:36:19.213371+05:30,NIFTYNXT50,29-Sep-2026,76800.0,CE,73759.7,0.1,50,854.45,550,0.0,427.27500000000003,0,0,0,0,0,,,,,,,,,,,,,,,0.07944003001740868,73549.2,-0.03597609367068776,0.0097,index_dividend_yield,0.065,11.05,25,73886.75,73886.75,73085.5,74159.15,mid_price,no_nse_iv
2026-08-31T10:06:19.213371+00:00,2026-08-31T15:36:19.213371+05:30,NIFTYNXT50,29-Sep-2026,76800.0,PE,0,,0,,0,0.0,,0,0,0,0,0,,,,,,,,,,,,,,,0.07944003001740868,,,,,,11.05,25,73886.75,73886.75,73085.5,74159.15,none,no_price_available
2026-08-31T10:06:19.213371+00:00,2026-08-31T15:36:19.213371+05:30,NIFTYNXT50,29-Sep-2026,76900.0,CE,73759.7,0.05,50,854.1,25,0.0,427.075,0,0,0,0,0,,,,,,,,,,,,,,,0.07944003001740868,73549.2,-0.03597609367068776,0.0097,index_dividend_yield,0.065,11.05,25,73886.75,73886.75,73085.5,74159.15,mid_price,no_nse_iv
2026-08-31T10:06:19.213371+00:00,2026-08-31T15:36:19.213371+05:30,NIFTYNXT50,29-Sep-2026,76900.0,PE,0,,0,,0,0.0,,0,0,0,0,0,,,,,,,,,,,,,,,0.07944003001740868,,,,,,11.05,25,73886.75,73886.75,73085.5,74159.15,none,no_price_available
2026-08-31T10:06:19.213371+00:00,2026-08-31T15:36:19.213371+05:30,NIFTYNXT50,29-Sep-2026,77000.0,CE,73759.7,31.05,50,498.95,50,0.0,265.0,0,0,0,0,0,,,,,,,,,,,,,,,0.07944003001740868,73549.2,-0.03597609367068776,0.0097,index_dividend_yield,0.065,11.05,25,73886.75,73886.75,73085.5,74159.15,mid_price,no_nse_iv
2026-08-31T10:06:19.213371+00:00,2026-08-31T15:36:19.213371+05:30,NIFTYNXT50,29-Sep-2026,77000.0,PE,0,,0,,0,0.0,,0,0,0,0,0,,,,,,,,,,,,,,,0.07944003001740868,,,,,,11.05,25,73886.75,73886.75,73085.5,74159.15,none,no_price_available
2026-08-31T10:06:19.213371+00:00,2026-08-31T15:36:19.213371+05:30,NIFTYNXT50,29-Sep-2026,77100.0,CE,73759.7,0.1,50,733.05,550,0.0,366.575,0,0,0,0,0,,,,,,,,,,,,,,,0.07944003001740868,73549.2,-0.03597609367068776,0.0097,index_dividend_yield,0.065,11.05,25,73886.75,73886.75,73085.5,74159.15,mid_price,no_nse_iv
2026-08-31T10:06:19.213371+00:00,2026-08-31T15:36:19.213371+05:30,NIFTYNXT50,29-Sep-2026,77100.0,PE,0,,0,,0,0.0,,0,0,0,0,0,,,,,,,,,,,,,,,0.07944003001740868,,,,,,11.05,25,73886.75,73886.75,73085.5,74159.15,none,no_price_available
2026-08-31T10:06:19.213371+00:00,2026-08-31T15:36:19.213371+05:30,NIFTYNXT50,29-Sep-2026,77200.0,CE,73759.7,0.05,50,1394.2,50,0.0,697.125,0,0,0,0,0,,,,,,,,,,,,,,,0.07944003001740868,73549.2,-0.03597609367068776,0.0097,index_dividend_yield,0.065,11.05,25,73886.75,73886.75,73085.5,74159.15,mid_price,no_nse_iv
2026-08-31T10:06:19.213371+00:00,2026-08-31T15:36:19.213371+05:30,NIFTYNXT50,29-Sep-2026,77200.0,PE,0,,0,,0,0.0,,0,0,0,0,0,,,,,,,,,,,,,,,0.07944003001740868,,,,,,11.05,25,73886.75,73886.75,73085.5,74159.15,none,no_price_available
2026-08-31T10:06:19.213371+00:00,2026-08-31T15:36:19.213371+05:30,NIFTYNXT50,29-Sep-2026,77300.0,CE,73759.7,0.05,50,1337.55,50,0.0,668.8,0,0,0,0,0,,,,,,,,,,,,,,,0.07944003001740868,73549.2,-0.03597609367068776,0.0097,index_dividend_yield,0.065,11.05,25,73886.75,73886.75,73085.5,74159.15,mid_price,no_nse_iv
2026-08-31T10:06:19.213371+00:00,2026-08-31T15:36:19.213371+05:30,NIFTYNXT50,29-Sep-2026,77300.0,PE,0,,0,,0,0.0,,0,0,0,0,0,,,,,,,,,,,,,,,0.07944003001740868,,,,,,11.05,25,73886.75,73886.75,73085.5,74159.15,none,no_price_available
2026-08-31T10:06:19.213371+00:00,2026-08-31T15:36:19.213371+05:30,NIFTYNXT50,29-Sep-2026,77500.0,CE,73759.7,0.1,50,998.95,50,0.0,499.52500000000003,0,0,0,0,0,,,,,,,,,,,,,,,0.07944003001740868,73549.2,-0.03597609367068776,0.0097,index_dividend_yield,0.065,11.05,25,73886.75,73886.75,73085.5,74159.15,mid_price,no_nse_iv
2026-08-31T10:06:19.213371+00:00,2026-08-31T15:36:19.213371+05:30,NIFTYNXT50,29-Sep-2026,77500.0,PE,0,,0,,0,0.0,,0,0,0,0,0,,,,,,,,,,,,,,,0.07944003001740868,,,,,,11.05,25,73886.75,73886.75,73085.5,74159.15,none,no_price_available
2026-08-31T10:06:19.213371+00:00,2026-08-31T15:36:19.213371+05:30,NIFTYNXT50,29-Sep-2026,77600.0,CE,73759.7,35,25,293.4,50,0.0,164.2,10,0,0,0,10,0.05142509559556668,5.0724919238952194e-05,-4.347163467548215,21.922952715904138,1.7493072607889202,-0.0035819690824966527,593.0802360204499,3.8997350902391005e-08,0.0008651155204691325,-1.9352262178981135e-06,-1.592298700898322,85.410312913861,-0.04830785180589032,4.5828559341292625e-05,0.07944003001740868,73549.2,-0.03597609367068776,0.0097,index_dividend_yield,0.065,11.05,25,73886.75,73886.75,73085.5,74159.15,mid_price,wide_quote_low_liquidity
2026-08-31T10:06:19.213371+00:00,2026-08-31T15:36:19.213371+05:30,NIFTYNXT50,29-Sep-2026,77600.0,PE,0,,0,,0,0.0,,0,0,0,0,0,,,,,,,,,,,,,,,0.07944003001740868,,,,,,11.05,25,73886.75,73886.75,73085.5,74159.15,none,no_price_available
2026-08-31T10:06:19.213371+00:00,2026-08-31T15:36:19.213371+05:30,NIFTYNXT50,29-Sep-2026,77700.0,CE,73759.7,0.05,50,495.8,550,0.0,247.925,0,0,0,0,0,,,,,,,,,,,,,,,0.07944003001740868,73549.2,-0.03597609367068776,0.0097,index_dividend_yield,0.065,11.05,25,73886.75,73886.75,73085.5,74159.15,mid_price,no_nse_iv
2026-08-31T10:06:19.213371+00:00,2026-08-31T15:36:19.213371+05:30,NIFTYNXT50,29-Sep-2026,77700.0,PE,0,,0,,0,0.0,,0,0,0,0,0,,,,,,,,,,,,,,,0.07944003001740868,,,,,,11.05,25,73886.75,73886.75,73085.5,74159.15,none,no_price_available
2026-08-31T10:06:19.213371+00:00,2026-08-31T15:36:19.213371+05:30,NIFTYNXT50,29-Sep-2026,77800.0,CE,73759.7,0.1,50,543.75,25,0.0,271.925,0,0,0,0,0,,,,,,,,,,,,,,,0.07944003001740868,73549.2,-0.03597609367068776,0.0097,index_dividend_yield,0.065,11.05,25,73886.75,73886.75,73085.5,74159.15,mid_price,no_nse_iv
2026-08-31T10:06:19.213371+00:00,2026-08-31T15:36:19.213371+05:30,NIFTYNXT50,29-Sep-2026,77800.0,PE,0,,0,,0,0.0,,0,0,0,0,0,,,,,,,,,,,,,,,0.07944003001740868,,,,,,11.05,25,73886.75,73886.75,73085.5,74159.15,none,no_price_available
2026-08-31T10:06:19.213371+00:00,2026-08-31T15:36:19.213371+05:30,NIFTYNXT50,29-Sep-2026,77900.0,CE,73759.7,0.1,50,543.45,25,0.0,271.77500000000003,0,0,0,0,0,,,,,,,,,,,,,,,0.07944003001740868,73549.2,-0.03597609367068776,0.0097,index_dividend_yield,0.065,11.05,25,73886.75,73886.75,73085.5,74159.15,mid_price,no_nse_iv
2026-08-31T10:06:19.213371+00:00,2026-08-31T15:36:19.213371+05:30,NIFTYNXT50,29-Sep-2026,77900.0,PE,0,,0,,0,0.0,,0,0,0,0,0,,,,,,,,,,,,,,,0.07944003001740868,,,,,,11.05,25,73886.75,73886.75,73085.5,74159.15,none,no_price_available
2026-08-31T10:06:19.213371+00:00,2026-08-31T15:36:19.213371+05:30,NIFTYNXT50,29-Sep-2026,78000.0,CE,73759.7,10.05,50,484.95,50,0.0,247.5,0,0,0,0,0,,,,,,,,,,,,,,,0.07944003001740868,73549.2,-0.03597609367068776,0.0097,index_dividend_yield,0.065,11.05,25,73886.75,73886.75,73085.5,74159.15,mid_price,no_nse_iv
2026-08-31T10:06:19.213371+00:00,2026-08-31T15:36:19.213371+05:30,NIFTYNXT50,29-Sep-2026,78000.0,PE,0,,0,,0,0.0,,0,0,0,0,0,,,,,,,,,,,,,,,0.07944003001740868,,,,,,11.05,25,73886.75,73886.75,73085.5,74159.15,none,no_price_available
2026-08-31T10:06:19.213371+00:00,2026-08-31T15:36:19.213371+05:30,NIFTYNXT50,29-Sep-2026,78100.0,CE,73759.7,0.05,50,988.9,50,0.0,494.47499999999997,0,0,0,0,0,,,,,,,,,,,,,,,0.07944003001740868,73549.2,-0.03597609367068776,0.0097,index_dividend_yield,0.065,11.05,25,73886.75,73886.75,73085.5,74159.15,mid_price,no_nse_iv
2026-08-31T10:06:19.213371+00:00,2026-08-31T15:36:19.213371+05:30,NIFTYNXT50,29-Sep-2026,78100.0,PE,0,,0,,0,0.0,,0,0,0,0,0,,,,,,,,,,,,,,,0.07944003001740868,,,,,,11.05,25,73886.75,73886.75,73085.5,74159.15,none,no_price_available
2026-08-31T10:06:19.213371+00:00,2026-08-31T15:36:19.213371+05:30,NIFTYNXT50,29-Sep-2026,78200.0,CE,73759.7,0.1,50,784.9,50,0.0,392.5,0,0,0,0,0,,,,,,,,,,,,,,,0.07944003001740868,73549.2,-0.03597609367068776,0.0097,index_dividend_yield,0.065,11.05,25,73886.75,73886.75,73085.5,74159.15,mid_price,no_nse_iv
2026-08-31T10:06:19.213371+00:00,2026-08-31T15:36:19.213371+05:30,NIFTYNXT50,29-Sep-2026,78200.0,PE,0,,0,,0,0.0,,0,0,0,0,0,,,,,,,,,,,,,,,0.07944003001740868,,,,,,11.05,25,73886.75,73886.75,73085.5,74159.15,none,no_price_available
2026-08-31T10:06:19.213371+00:00,2026-08-31T15:36:19.213371+05:30,NIFTYNXT50,29-Sep-2026,78300.0,CE,73759.7,0.1,50,877.85,50,0.0,438.975,0,0,0,0,0,,,,,,,,,,,,,,,0.07944003001740868,73549.2,-0.03597609367068776,0.0097,index_dividend_yield,0.065,11.05,25,73886.75,73886.75,73085.5,74159.15,mid_price,no_nse_iv
2026-08-31T10:06:19.213371+00:00,2026-08-31T15:36:19.213371+05:30,NIFTYNXT50,29-Sep-2026,78300.0,PE,0,,0,,0,0.0,,0,0,0,0,0,,,,,,,,,,,,,,,0.07944003001740868,,,,,,11.05,25,73886.75,73886.75,73085.5,74159.15,none,no_price_available
2026-08-31T10:06:19.213371+00:00,2026-08-31T15:36:19.213371+05:30,NIFTYNXT50,29-Sep-2026,78400.0,CE,73759.7,0.05,50,788.1,50,0.0,394.075,0,0,0,0,0,,,,,,,,,,,,,,,0.07944003001740868,73549.2,-0.03597609367068776,0.0097,index_dividend_yield,0.065,11.05,25,73886.75,73886.75,73085.5,74159.15,mid_price,no_nse_iv
2026-08-31T10:06:19.213371+00:00,2026-08-31T15:36:19.213371+05:30,NIFTYNXT50,29-Sep-2026,78400.0,PE,0,,0,,0,0.0,,0,0,0,0,0,,,,,,,,,,,,,,,0.07944003001740868,,,,,,11.05,25,73886.75,73886.75,73085.5,74159.15,none,no_price_available
2026-08-31T10:06:19.213371+00:00,2026-08-31T15:36:19.213371+05:30,NIFTYNXT50,29-Sep-2026,78500.0,CE,73759.7,0.1,50,748.25,50,0.0,374.175,0,0,0,0,0,,,,,,,,,,,,,,,0.07944003001740868,73549.2,-0.03597609367068776,0.0097,index_dividend_yield,0.065,11.05,25,73886.75,73886.75,73085.5,74159.15,mid_price,no_nse_iv
2026-08-31T10:06:19.213371+00:00,2026-08-31T15:36:19.213371+05:30,NIFTYNXT50,29-Sep-2026,78500.0,PE,0,,0,,0,0.0,,0,0,0,0,0,,,,,,,,,,,,,,,0.07944003001740868,,,,,,11.05,25,73886.75,73886.75,73085.5,74159.15,none,no_price_available
2026-08-31T10:06:19.213371+00:00,2026-08-31T15:36:19.213371+05:30,NIFTYNXT50,29-Sep-2026,79000.0,CE,73759.7,10,50,550,75,0.0,280.0,0,0,0,0,0,,,,,,,,,,,,,,,0.07944003001740868,73549.2,-0.03597609367068776,0.0097,index_dividend_yield,0.065,11.05,25,73886.75,73886.75,73085.5,74159.15,mid_price,no_nse_iv
2026-08-31T10:06:19.213371+00:00,2026-08-31T15:36:19.213371+05:30,NIFTYNXT50,29-Sep-2026,79000.0,PE,0,,0,,0,0.0,,0,0,0,0,0,,,,,,,,,,,,,,,0.07944003001740868,,,,,,11.05,25,73886.75,73886.75,73085.5,74159.15,none,no_price_available
